zcta,downloadDate,cases
47431,2021-08-12,
47467,2021-08-12,
47522,2021-08-12,
47536,2021-08-12,
47521,2021-08-12,
47551,2021-08-12,
47585,2021-08-12,
47966,2021-08-12,
47584,2021-08-12,
47597,2021-08-12,
47876,2021-08-12,
47943,2021-08-12,
47451,2021-08-12,
47465,2021-08-12,
47529,2021-08-12,
47578,2021-08-12,
46988,2021-08-12,
47010,2021-08-12,
47036,2021-08-12,
47270,2021-08-12,
47537,2021-08-12,
47590,2021-08-12,
47640,2021-08-12,
47849,2021-08-12,
47123,2021-08-12,
47162,2021-08-12,
47226,2021-08-12,
47524,2021-08-12,
47280,2021-08-12,
47325,2021-08-12,
47385,2021-08-12,182
47449,2021-08-12,
47525,2021-08-12,
47535,2021-08-12,
47575,2021-08-12,
47577,2021-08-12,
47857,2021-08-12,
47942,2021-08-12,
47949,2021-08-12,
47964,2021-08-12,
46759,2021-08-12,
46974,2021-08-12,143
47011,2021-08-12,
47017,2021-08-12,
47596,2021-08-12,
47612,2021-08-12,
47854,2021-08-12,
47881,2021-08-12,
46950,2021-08-12,
47135,2021-08-12,
47147,2021-08-12,
47163,2021-08-12,153
47955,2021-08-12,
47958,2021-08-12,
47981,2021-08-12,
46915,2021-08-12,
47345,2021-08-12,
47352,2021-08-12,
47515,2021-08-12,
47531,2021-08-12,
46731,2021-08-12,
46799,2021-08-12,
46920,2021-08-12,
46943,2021-08-12,
47231,2021-08-12,
47264,2021-08-12,
47324,2021-08-12,
47360,2021-08-12,163
47967,2021-08-12,
46076,2021-08-12,163
46216,2021-08-12,211
46301,2021-08-12,
46930,2021-08-12,
46957,2021-08-12,
46961,2021-08-12,
46967,2021-08-12,
47110,2021-08-12,
47223,2021-08-12,
47234,2021-08-12,
47244,2021-08-12,
46990,2021-08-12,
47038,2021-08-12,92
47166,2021-08-12,
47281,2021-08-12,
47982,2021-08-12,
46144,2021-08-12,
46183,2021-08-12,
47263,2021-08-12,
46791,2021-08-12,
46913,2021-08-12,
46959,2021-08-12,
46987,2021-08-12,
47917,2021-08-12,
47921,2021-08-12,
47926,2021-08-12,
47940,2021-08-12,
47142,2021-08-12,
47339,2021-08-12,
47342,2021-08-12,245
47369,2021-08-12,
47861,2021-08-12,
47866,2021-08-12,
47983,2021-08-12,
47994,2021-08-12,
47437,2021-08-12,
47574,2021-08-12,
47580,2021-08-12,
47654,2021-08-12,
46985,2021-08-12,
47020,2021-08-12,
47023,2021-08-12,163
47030,2021-08-12,147
46110,2021-08-12,
46125,2021-08-12,
46155,2021-08-12,
46290,2021-08-12,
47884,2021-08-12,
47924,2021-08-12,
47925,2021-08-12,
47969,2021-08-12,
47860,2021-08-12,
46111,2021-08-12,
46117,2021-08-12,
46127,2021-08-12,
47282,2021-08-12,
47335,2021-08-12,
47382,2021-08-12,
47388,2021-08-12,
46502,2021-08-12,
46771,2021-08-12,
46922,2021-08-12,
46968,2021-08-12,
47951,2021-08-12,205
47968,2021-08-12,
47992,2021-08-12,
46049,2021-08-12,
47224,2021-08-12,
47616,2021-08-12,
47980,2021-08-12,
46104,2021-08-12,
47853,2021-08-12,
47863,2021-08-12,
47871,2021-08-12,
47880,2021-08-12,
47991,2021-08-12,
46039,2021-08-12,
46171,2021-08-12,138
46524,2021-08-12,192
47840,2021-08-12,154
47858,2021-08-12,
47862,2021-08-12,152
47941,2021-08-12,
47552,2021-08-12,
47576,2021-08-12,
47683,2021-08-12,
47836,2021-08-12,
46984,2021-08-12,
47016,2021-08-12,
47104,2021-08-12,
47114,2021-08-12,
46103,2021-08-12,
46348,2021-08-12,
46377,2021-08-12,
46379,2021-08-12,
46345,2021-08-12,
46376,2021-08-12,
46381,2021-08-12,
46537,2021-08-12,
47420,2021-08-12,
47455,2021-08-12,
47458,2021-08-12,
47519,2021-08-12,
46958,2021-08-12,
47160,2021-08-12,
47247,2021-08-12,
47337,2021-08-12,
47464,2021-08-12,
47869,2021-08-12,
47907,2021-08-12,
47916,2021-08-12,
47357,2021-08-12,
47373,2021-08-12,223
47436,2021-08-12,121
47527,2021-08-12,250
47541,2021-08-12,
47557,2021-08-12,
47846,2021-08-12,
47848,2021-08-12,177
46941,2021-08-12,
46986,2021-08-12,195
46991,2021-08-12,177
47115,2021-08-12,245
47427,2021-08-12,
47469,2021-08-12,169
47513,2021-08-12,181
47516,2021-08-12,
47965,2021-08-12,
46057,2021-08-12,
46058,2021-08-12,337
46150,2021-08-12,
46998,2021-08-12,
47034,2021-08-12,
47035,2021-08-12,
47434,2021-08-12,
47847,2021-08-12,
47859,2021-08-12,
47928,2021-08-12,171
47948,2021-08-12,
47997,2021-08-12,
46045,2021-08-12,
46047,2021-08-12,
46063,2021-08-12,
46133,2021-08-12,
46147,2021-08-12,327
46180,2021-08-12,
46763,2021-08-12,153
47344,2021-08-12,
47361,2021-08-12,
47367,2021-08-12,
47381,2021-08-12,
47708,2021-08-12,
47832,2021-08-12,
47841,2021-08-12,190
47929,2021-08-12,
47561,2021-08-12,170
47588,2021-08-12,
47649,2021-08-12,
47833,2021-08-12,
47550,2021-08-12,
47568,2021-08-12,
47837,2021-08-12,
47855,2021-08-12,
47354,2021-08-12,
47386,2021-08-12,
47453,2021-08-12,
47528,2021-08-12,
46146,2021-08-12,
46508,2021-08-12,
46704,2021-08-12,
46946,2021-08-12,
46165,2021-08-12,
46531,2021-08-12,
46571,2021-08-12,269
46702,2021-08-12,213
47227,2021-08-12,115
47235,2021-08-12,170
47380,2021-08-12,143
47384,2021-08-12,239
46393,2021-08-12,
46595,2021-08-12,
46781,2021-08-12,
46786,2021-08-12,
47387,2021-08-12,
47468,2021-08-12,
47470,2021-08-12,155
47514,2021-08-12,237
46764,2021-08-12,
46766,2021-08-12,
46776,2021-08-12,
46788,2021-08-12,314
46070,2021-08-12,267
46162,2021-08-12,
46175,2021-08-12,
46745,2021-08-12,250
47950,2021-08-12,
47977,2021-08-12,269
47995,2021-08-12,199
46030,2021-08-12,334
47611,2021-08-12,
47619,2021-08-12,202
47631,2021-08-12,218
47637,2021-08-12,172
46340,2021-08-12,
46365,2021-08-12,
46747,2021-08-12,270
47003,2021-08-12,
46760,2021-08-12,
46917,2021-08-12,200
46982,2021-08-12,246
47326,2021-08-12,120
47989,2021-08-12,
46068,2021-08-12,333
46105,2021-08-12,171
46156,2021-08-12,
47141,2021-08-12,155
47175,2021-08-12,
47340,2021-08-12,222
47341,2021-08-12,187
47145,2021-08-12,184
47230,2021-08-12,175
47272,2021-08-12,186
47273,2021-08-12,173
46911,2021-08-12,
46939,2021-08-12,166
46960,2021-08-12,
46979,2021-08-12,665
46919,2021-08-12,273
47108,2021-08-12,181
47125,2021-08-12,130
47177,2021-08-12,
46056,2021-08-12,217
46065,2021-08-12,460
46149,2021-08-12,192
46374,2021-08-12,
46931,2021-08-12,
47116,2021-08-12,
47120,2021-08-12,
47351,2021-08-12,
47930,2021-08-12,
47974,2021-08-12,
46017,2021-08-12,574
46035,2021-08-12,
47346,2021-08-12,385
47356,2021-08-12,645
47393,2021-08-12,126
47456,2021-08-12,
46732,2021-08-12,336
46740,2021-08-12,225
46741,2021-08-12,319
46746,2021-08-12,463
47459,2021-08-12,284
47471,2021-08-12,207
47558,2021-08-12,264
47613,2021-08-12,307
47358,2021-08-12,
47523,2021-08-12,458
47532,2021-08-12,594
47598,2021-08-12,364
46510,2021-08-12,321
46532,2021-08-12,166
46543,2021-08-12,317
46737,2021-08-12,747
47579,2021-08-12,393
47581,2021-08-12,273
47850,2021-08-12,232
47922,2021-08-12,255
46705,2021-08-12,173
46730,2021-08-12,
46794,2021-08-12,144
46798,2021-08-12,116
47635,2021-08-12,586
47809,2021-08-12,48
47952,2021-08-12,240
47959,2021-08-12,345
46120,2021-08-12,532
46130,2021-08-12,227
46172,2021-08-12,209
46182,2021-08-12,237
47805,2021-08-12,1564
46779,2021-08-12,227
46785,2021-08-12,135
46787,2021-08-12,350
46910,2021-08-12,440
47024,2021-08-12,226
47118,2021-08-12,282
47283,2021-08-12,313
47305,2021-08-12,329
47564,2021-08-12,
47615,2021-08-12,133
46051,2021-08-12,303
46160,2021-08-12,634
47433,2021-08-12,360
47448,2021-08-12,647
47520,2021-08-12,256
47970,2021-08-12,228
47031,2021-08-12,585
47037,2021-08-12,396
47042,2021-08-12,495
47137,2021-08-12,
47432,2021-08-12,520
47512,2021-08-12,390
47633,2021-08-12,301
47634,2021-08-12,263
46914,2021-08-12,399
46928,2021-08-12,513
46929,2021-08-12,377
46938,2021-08-12,320
47368,2021-08-12,311
47390,2021-08-12,457
47438,2021-08-12,417
47452,2021-08-12,454
47327,2021-08-12,435
47338,2021-08-12,261
47355,2021-08-12,225
47406,2021-08-12,1510
46542,2021-08-12,559
46555,2021-08-12,333
46770,2021-08-12,308
46773,2021-08-12,437
47885,2021-08-12,1101
46050,2021-08-12,161
46115,2021-08-12,182
46124,2021-08-12,872
47043,2021-08-12,555
47124,2021-08-12,458
47138,2021-08-12,394
47164,2021-08-12,325
47232,2021-08-12,240
47320,2021-08-12,434
47383,2021-08-12,279
47394,2021-08-12,1005
47553,2021-08-12,741
47665,2021-08-12,496
47838,2021-08-12,465
47874,2021-08-12,358
46936,2021-08-12,817
46994,2021-08-12,345
47126,2021-08-12,477
47136,2021-08-12,494
46940,2021-08-12,320
46962,2021-08-12,919
47022,2021-08-12,352
47143,2021-08-12,440
47987,2021-08-12,422
46071,2021-08-12,365
46075,2021-08-12,788
46157,2021-08-12,399
46978,2021-08-12,220
46996,2021-08-12,692
47102,2021-08-12,687
47229,2021-08-12,346
46710,2021-08-12,588
46792,2021-08-12,463
46932,2021-08-12,423
47106,2021-08-12,531
47353,2021-08-12,614
47405,2021-08-12,109
47454,2021-08-12,790
47638,2021-08-12,516
47648,2021-08-12,648
47868,2021-08-12,192
47918,2021-08-12,689
46148,2021-08-12,547
47462,2021-08-12,496
47713,2021-08-12,1284
47946,2021-08-12,224
47975,2021-08-12,
47954,2021-08-12,256
47993,2021-08-12,536
46001,2021-08-12,1175
46048,2021-08-12,192
46504,2021-08-12,441
46554,2021-08-12,463
46573,2021-08-12,569
46590,2021-08-12,660
46933,2021-08-12,757
47032,2021-08-12,412
47040,2021-08-12,578
47041,2021-08-12,613
46539,2021-08-12,229
46553,2021-08-12,496
46617,2021-08-12,1398
46742,2021-08-12,341
46767,2021-08-12,1243
46772,2021-08-12,246
46819,2021-08-12,992
46926,2021-08-12,189
46201,2021-08-12,2701
46382,2021-08-12,226
46409,2021-08-12,562
46570,2021-08-12,
47306,2021-08-12,129
47396,2021-08-12,848
47441,2021-08-12,974
47567,2021-08-12,801
46562,2021-08-12,523
46616,2021-08-12,632
46721,2021-08-12,504
46807,2021-08-12,1737
47944,2021-08-12,427
46044,2021-08-12,339
46064,2021-08-12,1885
46106,2021-08-12,1004
46565,2021-08-12,504
46574,2021-08-12,830
46635,2021-08-12,891
46701,2021-08-12,870
46777,2021-08-12,737
46783,2021-08-12,792
47060,2021-08-12,731
47165,2021-08-12,615
47265,2021-08-12,1948
47334,2021-08-12,324
47336,2021-08-12,335
47359,2021-08-12,281
46320,2021-08-12,1548
46327,2021-08-12,1313
46346,2021-08-12,
46349,2021-08-12,353
46303,2021-08-12,1860
46390,2021-08-12,266
46501,2021-08-12,415
46538,2021-08-12,484
46347,2021-08-12,467
46366,2021-08-12,560
46404,2021-08-12,1392
46408,2021-08-12,1298
46113,2021-08-12,1853
46163,2021-08-12,1583
46164,2021-08-12,382
46166,2021-08-12,219
47140,2021-08-12,252
47172,2021-08-12,2249
47243,2021-08-12,615
47246,2021-08-12,412
46711,2021-08-12,754
46723,2021-08-12,790
46738,2021-08-12,930
46809,2021-08-12,901
46371,2021-08-12,383
46391,2021-08-12,960
46392,2021-08-12,831
46406,2021-08-12,804
47933,2021-08-12,3499
47957,2021-08-12,154
47963,2021-08-12,188
47971,2021-08-12,222
46534,2021-08-12,1153
46601,2021-08-12,629
46613,2021-08-12,1531
46748,2021-08-12,870
46121,2021-08-12,483
46126,2021-08-12,498
46181,2021-08-12,570
46202,2021-08-12,2314
47639,2021-08-12,698
47725,2021-08-12,2785
47901,2021-08-12,343
47923,2021-08-12,456
46161,2021-08-12,269
46511,2021-08-12,728
46536,2021-08-12,372
46619,2021-08-12,3000
46989,2021-08-12,535
46992,2021-08-12,2090
47220,2021-08-12,600
47330,2021-08-12,621
47666,2021-08-12,
47710,2021-08-12,2315
47803,2021-08-12,2341
47879,2021-08-12,275
47610,2021-08-12,700
47660,2021-08-12,548
47904,2021-08-12,1923
47932,2021-08-12,870
47348,2021-08-12,1130
47424,2021-08-12,824
47429,2021-08-12,769
47542,2021-08-12,1444
46784,2021-08-12,258
46797,2021-08-12,365
46803,2021-08-12,962
46805,2021-08-12,2621
47122,2021-08-12,1168
47371,2021-08-12,1206
47446,2021-08-12,942
47460,2021-08-12,1190
46765,2021-08-12,658
46774,2021-08-12,1994
46795,2021-08-12,596
46802,2021-08-12,1060
46402,2021-08-12,427
46552,2021-08-12,747
46556,2021-08-12,1777
46567,2021-08-12,1223
47872,2021-08-12,910
47882,2021-08-12,900
46031,2021-08-12,219
46052,2021-08-12,2526
46407,2021-08-12,790
46550,2021-08-12,1436
46582,2021-08-12,1773
47670,2021-08-12,1811
47421,2021-08-12,3102
47443,2021-08-12,
47562,2021-08-12,340
47715,2021-08-12,3617
47990,2021-08-12,194
46041,2021-08-12,3387
46118,2021-08-12,504
46167,2021-08-12,833
47018,2021-08-12,478
47240,2021-08-12,2366
47260,2021-08-12,164
47302,2021-08-12,2407
47920,2021-08-12,279
46016,2021-08-12,1675
46062,2021-08-12,4231
46128,2021-08-12,199
46173,2021-08-12,1211
46231,2021-08-12,1282
46259,2021-08-12,1568
46341,2021-08-12,1206
47006,2021-08-12,1234
47012,2021-08-12,1032
47111,2021-08-12,1800
47119,2021-08-12,1212
47960,2021-08-12,1961
46036,2021-08-12,1309
46040,2021-08-12,1819
46055,2021-08-12,1647
47842,2021-08-12,1167
47978,2021-08-12,1231
46107,2021-08-12,1358
46394,2021-08-12,1259
46615,2021-08-12,1653
46714,2021-08-12,1692
46761,2021-08-12,1062
47001,2021-08-12,1099
46814,2021-08-12,1850
46923,2021-08-12,1003
47167,2021-08-12,1495
47807,2021-08-12,1204
46186,2021-08-12,185
46205,2021-08-12,2689
46278,2021-08-12,887
46311,2021-08-12,2821
47117,2021-08-12,447
47129,2021-08-12,2274
47161,2021-08-12,418
47250,2021-08-12,2642
46373,2021-08-12,2017
46405,2021-08-12,1354
46506,2021-08-12,1235
46540,2021-08-12,1222
46310,2021-08-12,1610
46403,2021-08-12,926
46507,2021-08-12,1219
46561,2021-08-12,1922
47586,2021-08-12,1060
47601,2021-08-12,1769
47620,2021-08-12,1691
47804,2021-08-12,1385
46011,2021-08-12,1835
46012,2021-08-12,1897
46013,2021-08-12,1865
46228,2021-08-12,1429
47909,2021-08-12,5613
46069,2021-08-12,846
46072,2021-08-12,1134
46280,2021-08-12,699
46793,2021-08-12,388
46804,2021-08-12,3183
46825,2021-08-12,3472
46952,2021-08-12,2183
46034,2021-08-12,808
46122,2021-08-12,1930
46176,2021-08-12,3459
46229,2021-08-12,2962
46184,2021-08-12,1477
46217,2021-08-12,4482
46225,2021-08-12,609
46260,2021-08-12,3244
46808,2021-08-12,1938
46818,2021-08-12,2428
46975,2021-08-12,1370
47112,2021-08-12,2213
46356,2021-08-12,2315
46614,2021-08-12,3846
46743,2021-08-12,243
46750,2021-08-12,3091
46218,2021-08-12,2673
46221,2021-08-12,2879
46234,2021-08-12,3086
46256,2021-08-12,2298
46304,2021-08-12,3109
46321,2021-08-12,2595
46324,2021-08-12,2651
46517,2021-08-12,4058
46240,2021-08-12,1906
46250,2021-08-12,1995
46319,2021-08-12,1997
46637,2021-08-12,2102
47170,2021-08-12,1751
47501,2021-08-12,2144
47720,2021-08-12,2338
47834,2021-08-12,2086
46528,2021-08-12,3902
46563,2021-08-12,3190
46580,2021-08-12,3130
46725,2021-08-12,2874
46816,2021-08-12,2066
46845,2021-08-12,3530
46901,2021-08-12,4864
46951,2021-08-12,174
46703,2021-08-12,2332
46706,2021-08-12,2435
46733,2021-08-12,2275
46755,2021-08-12,2135
46077,2021-08-12,3222
46158,2021-08-12,2519
46208,2021-08-12,2131
46214,2021-08-12,2879
47374,2021-08-12,5060
47401,2021-08-12,2864
47404,2021-08-12,2141
47546,2021-08-12,3157
46806,2021-08-12,2867
46815,2021-08-12,3154
46947,2021-08-12,4934
46953,2021-08-12,2458
46168,2021-08-12,4435
46204,2021-08-12,1310
46241,2021-08-12,3054
46268,2021-08-12,2572
46970,2021-08-12,2849
47025,2021-08-12,2916
47274,2021-08-12,3563
47331,2021-08-12,2803
46203,2021-08-12,3675
46219,2021-08-12,3371
46220,2021-08-12,3487
46222,2021-08-12,3663
46239,2021-08-12,3882
46545,2021-08-12,3079
46628,2021-08-12,3330
47130,2021-08-12,5196
46224,2021-08-12,4063
46235,2021-08-12,3366
46237,2021-08-12,5284
46254,2021-08-12,4142
47304,2021-08-12,3071
47362,2021-08-12,3898
47403,2021-08-12,2907
47630,2021-08-12,5005
46135,2021-08-12,2090
46236,2021-08-12,2825
46312,2021-08-12,3339
46323,2021-08-12,2612
47150,2021-08-12,5179
47201,2021-08-12,4440
47203,2021-08-12,2816
47303,2021-08-12,2631
46131,2021-08-12,3976
46140,2021-08-12,4811
46142,2021-08-12,3756
46151,2021-08-12,3417
47408,2021-08-12,1777
47712,2021-08-12,3229
46074,2021-08-12,4389
46143,2021-08-12,7201
46322,2021-08-12,2713
46342,2021-08-12,3994
46375,2021-08-12,2835
46530,2021-08-12,4121
46368,2021-08-12,4635
46383,2021-08-12,4732
46385,2021-08-12,4855
46410,2021-08-12,4486
46514,2021-08-12,5933
46526,2021-08-12,5224
46544,2021-08-12,3941
46902,2021-08-12,4339
47591,2021-08-12,2779
46032,2021-08-12,5208
46226,2021-08-12,4023
46227,2021-08-12,7026
46038,2021-08-12,5181
46060,2021-08-12,5151
46112,2021-08-12,4616
46123,2021-08-12,4806
46307,2021-08-12,8343
46350,2021-08-12,5082
46360,2021-08-12,4763
46516,2021-08-12,5126
47711,2021-08-12,3872
47714,2021-08-12,3864
47802,2021-08-12,4768
47905,2021-08-12,5242
46835,2021-08-12,4214
47906,2021-08-12,9210
46033,2021-08-12,3693
46037,2021-08-12,5288
47431,2021-08-16,
47467,2021-08-16,
47522,2021-08-16,
47536,2021-08-16,
47123,2021-08-16,
47162,2021-08-16,
47226,2021-08-16,
47524,2021-08-16,
46103,2021-08-16,
46348,2021-08-16,
46377,2021-08-16,
46379,2021-08-16,
47861,2021-08-16,
47866,2021-08-16,
47983,2021-08-16,
47994,2021-08-16,
46930,2021-08-16,
46957,2021-08-16,
46961,2021-08-16,
46967,2021-08-16,
46931,2021-08-16,
47116,2021-08-16,
47120,2021-08-16,
47351,2021-08-16,
46731,2021-08-16,
46799,2021-08-16,
46920,2021-08-16,
46943,2021-08-16,
46502,2021-08-16,
46771,2021-08-16,
46922,2021-08-16,
46968,2021-08-16,
46110,2021-08-16,
46125,2021-08-16,
46155,2021-08-16,
46290,2021-08-16,
47982,2021-08-16,
46144,2021-08-16,
46183,2021-08-16,
47263,2021-08-16,
47596,2021-08-16,
47612,2021-08-16,
47854,2021-08-16,
47881,2021-08-16,
46998,2021-08-16,
47034,2021-08-16,
47035,2021-08-16,
47434,2021-08-16,
47552,2021-08-16,
47576,2021-08-16,
47683,2021-08-16,
47836,2021-08-16,
47437,2021-08-16,
47574,2021-08-16,
47580,2021-08-16,
47654,2021-08-16,
47884,2021-08-16,
47924,2021-08-16,
47925,2021-08-16,
47969,2021-08-16,
47857,2021-08-16,
47942,2021-08-16,
47949,2021-08-16,
47964,2021-08-16,
47451,2021-08-16,
47465,2021-08-16,
47529,2021-08-16,
47578,2021-08-16,
47344,2021-08-16,
47361,2021-08-16,
47367,2021-08-16,
47381,2021-08-16,
47584,2021-08-16,
47597,2021-08-16,
47876,2021-08-16,
47943,2021-08-16,
47537,2021-08-16,
47590,2021-08-16,
47640,2021-08-16,
47849,2021-08-16,
46988,2021-08-16,
47010,2021-08-16,
47036,2021-08-16,
47270,2021-08-16,
46958,2021-08-16,
47160,2021-08-16,
47247,2021-08-16,
47337,2021-08-16,
46345,2021-08-16,
46376,2021-08-16,
46381,2021-08-16,
46537,2021-08-16,
47853,2021-08-16,
47863,2021-08-16,
47871,2021-08-16,
47880,2021-08-16,
47464,2021-08-16,
47869,2021-08-16,
47907,2021-08-16,
47916,2021-08-16,
46984,2021-08-16,
47016,2021-08-16,
47104,2021-08-16,
47114,2021-08-16,
47525,2021-08-16,
47535,2021-08-16,
47575,2021-08-16,
47577,2021-08-16,
47997,2021-08-16,
46045,2021-08-16,
46047,2021-08-16,
46063,2021-08-16,
46146,2021-08-16,
46508,2021-08-16,
46704,2021-08-16,
46946,2021-08-16,
46393,2021-08-16,
46595,2021-08-16,
46781,2021-08-16,
46786,2021-08-16,
47955,2021-08-16,
47958,2021-08-16,
47981,2021-08-16,
46915,2021-08-16,
47420,2021-08-16,
47455,2021-08-16,
47458,2021-08-16,
47519,2021-08-16,
47860,2021-08-16,
46111,2021-08-16,
46117,2021-08-16,
46127,2021-08-16,
47282,2021-08-16,
47335,2021-08-16,
47382,2021-08-16,
47388,2021-08-16,
47231,2021-08-16,
47264,2021-08-16,
47324,2021-08-16,
47360,2021-08-16,166
46950,2021-08-16,
47135,2021-08-16,
47147,2021-08-16,
47163,2021-08-16,155
47110,2021-08-16,
47223,2021-08-16,
47234,2021-08-16,
47244,2021-08-16,
47708,2021-08-16,
47832,2021-08-16,
47841,2021-08-16,204
47929,2021-08-16,
47224,2021-08-16,
47616,2021-08-16,
47980,2021-08-16,
46104,2021-08-16,
47354,2021-08-16,
47386,2021-08-16,
47453,2021-08-16,
47528,2021-08-16,
47280,2021-08-16,
47325,2021-08-16,
47385,2021-08-16,185
47449,2021-08-16,
46759,2021-08-16,
46974,2021-08-16,145
47011,2021-08-16,
47017,2021-08-16,
47521,2021-08-16,
47551,2021-08-16,
47585,2021-08-16,
47966,2021-08-16,
47345,2021-08-16,
47352,2021-08-16,
47515,2021-08-16,
47531,2021-08-16,
47917,2021-08-16,
47921,2021-08-16,
47926,2021-08-16,
47940,2021-08-16,
46791,2021-08-16,
46913,2021-08-16,
46959,2021-08-16,
46987,2021-08-16,
47991,2021-08-16,
46039,2021-08-16,
46171,2021-08-16,141
46524,2021-08-16,192
47951,2021-08-16,208
47968,2021-08-16,
47992,2021-08-16,
46049,2021-08-16,
47550,2021-08-16,
47568,2021-08-16,
47837,2021-08-16,
47855,2021-08-16,
47840,2021-08-16,156
47858,2021-08-16,
47862,2021-08-16,157
47941,2021-08-16,
47965,2021-08-16,
46057,2021-08-16,
46058,2021-08-16,342
46150,2021-08-16,
47847,2021-08-16,
47859,2021-08-16,
47928,2021-08-16,175
47948,2021-08-16,
47387,2021-08-16,
47468,2021-08-16,
47470,2021-08-16,155
47514,2021-08-16,239
47561,2021-08-16,174
47588,2021-08-16,
47649,2021-08-16,
47833,2021-08-16,
47967,2021-08-16,
46076,2021-08-16,164
46216,2021-08-16,220
46301,2021-08-16,
46990,2021-08-16,
47038,2021-08-16,96
47166,2021-08-16,
47281,2021-08-16,
47142,2021-08-16,
47339,2021-08-16,
47342,2021-08-16,247
47369,2021-08-16,
47541,2021-08-16,
47557,2021-08-16,
47846,2021-08-16,
47848,2021-08-16,181
46760,2021-08-16,
46917,2021-08-16,208
46982,2021-08-16,248
47326,2021-08-16,124
47427,2021-08-16,
47469,2021-08-16,172
47513,2021-08-16,188
47516,2021-08-16,
46705,2021-08-16,174
46730,2021-08-16,
46794,2021-08-16,144
46798,2021-08-16,119
46941,2021-08-16,
46986,2021-08-16,196
46991,2021-08-16,184
47115,2021-08-16,252
46133,2021-08-16,
46147,2021-08-16,327
46180,2021-08-16,
46763,2021-08-16,158
46985,2021-08-16,
47020,2021-08-16,
47023,2021-08-16,165
47030,2021-08-16,149
47989,2021-08-16,
46068,2021-08-16,341
46105,2021-08-16,174
46156,2021-08-16,
46165,2021-08-16,
46531,2021-08-16,
46571,2021-08-16,269
46702,2021-08-16,227
46070,2021-08-16,272
46162,2021-08-16,
46175,2021-08-16,
46745,2021-08-16,250
47611,2021-08-16,
47619,2021-08-16,211
47631,2021-08-16,221
47637,2021-08-16,180
46340,2021-08-16,
46365,2021-08-16,
46747,2021-08-16,271
47003,2021-08-16,
47145,2021-08-16,186
47230,2021-08-16,180
47272,2021-08-16,188
47273,2021-08-16,182
46764,2021-08-16,
46766,2021-08-16,
46776,2021-08-16,
46788,2021-08-16,323
47357,2021-08-16,
47373,2021-08-16,226
47436,2021-08-16,125
47527,2021-08-16,254
46056,2021-08-16,220
46065,2021-08-16,470
46149,2021-08-16,195
46374,2021-08-16,
47950,2021-08-16,
47977,2021-08-16,272
47995,2021-08-16,200
46030,2021-08-16,334
47227,2021-08-16,122
47235,2021-08-16,174
47380,2021-08-16,145
47384,2021-08-16,241
47141,2021-08-16,165
47175,2021-08-16,
47340,2021-08-16,222
47341,2021-08-16,188
46919,2021-08-16,276
47108,2021-08-16,181
47125,2021-08-16,131
47177,2021-08-16,
46911,2021-08-16,
46939,2021-08-16,170
46960,2021-08-16,
46979,2021-08-16,675
47930,2021-08-16,
47974,2021-08-16,
46017,2021-08-16,588
46035,2021-08-16,
47459,2021-08-16,294
47471,2021-08-16,218
47558,2021-08-16,271
47613,2021-08-16,317
47346,2021-08-16,395
47356,2021-08-16,662
47393,2021-08-16,130
47456,2021-08-16,
47564,2021-08-16,
47615,2021-08-16,142
46051,2021-08-16,307
46160,2021-08-16,646
47805,2021-08-16,1594
47358,2021-08-16,
47523,2021-08-16,466
47532,2021-08-16,611
47598,2021-08-16,380
47579,2021-08-16,403
47581,2021-08-16,277
47850,2021-08-16,238
47922,2021-08-16,256
46120,2021-08-16,566
46130,2021-08-16,232
46172,2021-08-16,211
46182,2021-08-16,237
47024,2021-08-16,233
47118,2021-08-16,286
47283,2021-08-16,322
47305,2021-08-16,332
47635,2021-08-16,611
47809,2021-08-16,48
47952,2021-08-16,248
47959,2021-08-16,347
46510,2021-08-16,322
46532,2021-08-16,168
46543,2021-08-16,321
46737,2021-08-16,765
47368,2021-08-16,312
47390,2021-08-16,461
47438,2021-08-16,425
47452,2021-08-16,485
46542,2021-08-16,566
46555,2021-08-16,335
46770,2021-08-16,313
46773,2021-08-16,444
46732,2021-08-16,340
46740,2021-08-16,231
46741,2021-08-16,330
46746,2021-08-16,466
47648,2021-08-16,660
47868,2021-08-16,193
47918,2021-08-16,712
46148,2021-08-16,561
47432,2021-08-16,523
47512,2021-08-16,398
47633,2021-08-16,313
47634,2021-08-16,270
46779,2021-08-16,231
46785,2021-08-16,141
46787,2021-08-16,357
46910,2021-08-16,441
47433,2021-08-16,371
47448,2021-08-16,670
47520,2021-08-16,267
47970,2021-08-16,235
46936,2021-08-16,839
46994,2021-08-16,355
47126,2021-08-16,490
47136,2021-08-16,511
47885,2021-08-16,1130
46050,2021-08-16,162
46115,2021-08-16,186
46124,2021-08-16,897
47232,2021-08-16,246
47320,2021-08-16,439
47383,2021-08-16,280
47394,2021-08-16,1017
47553,2021-08-16,761
47665,2021-08-16,507
47838,2021-08-16,470
47874,2021-08-16,369
47043,2021-08-16,566
47124,2021-08-16,473
47138,2021-08-16,415
47164,2021-08-16,330
46940,2021-08-16,326
46962,2021-08-16,933
47022,2021-08-16,358
47143,2021-08-16,446
47031,2021-08-16,591
47037,2021-08-16,405
47042,2021-08-16,502
47137,2021-08-16,
46914,2021-08-16,402
46928,2021-08-16,515
46929,2021-08-16,393
46938,2021-08-16,332
47462,2021-08-16,522
47713,2021-08-16,1312
47946,2021-08-16,224
47975,2021-08-16,
47987,2021-08-16,435
46071,2021-08-16,369
46075,2021-08-16,803
46157,2021-08-16,408
46978,2021-08-16,227
46996,2021-08-16,703
47102,2021-08-16,729
47229,2021-08-16,348
46767,2021-08-16,1251
46772,2021-08-16,255
46819,2021-08-16,1021
46926,2021-08-16,197
46710,2021-08-16,597
46792,2021-08-16,478
46932,2021-08-16,427
47106,2021-08-16,543
46539,2021-08-16,229
46553,2021-08-16,510
46617,2021-08-16,1411
46742,2021-08-16,343
46504,2021-08-16,443
46554,2021-08-16,466
46573,2021-08-16,571
46590,2021-08-16,665
46933,2021-08-16,765
47032,2021-08-16,418
47040,2021-08-16,585
47041,2021-08-16,619
47265,2021-08-16,2010
47334,2021-08-16,326
47336,2021-08-16,340
47359,2021-08-16,284
47306,2021-08-16,129
47396,2021-08-16,867
47441,2021-08-16,996
47567,2021-08-16,811
46562,2021-08-16,528
46616,2021-08-16,637
46721,2021-08-16,522
46807,2021-08-16,1782
47327,2021-08-16,440
47338,2021-08-16,267
47355,2021-08-16,234
47406,2021-08-16,1511
47954,2021-08-16,259
47993,2021-08-16,553
46001,2021-08-16,1194
46048,2021-08-16,200
46777,2021-08-16,757
46783,2021-08-16,815
47060,2021-08-16,737
47165,2021-08-16,626
46371,2021-08-16,386
46391,2021-08-16,966
46392,2021-08-16,834
46406,2021-08-16,825
47353,2021-08-16,626
47405,2021-08-16,109
47454,2021-08-16,814
47638,2021-08-16,522
47140,2021-08-16,254
47172,2021-08-16,2302
47243,2021-08-16,637
47246,2021-08-16,416
46303,2021-08-16,1873
46390,2021-08-16,269
46501,2021-08-16,421
46538,2021-08-16,484
46320,2021-08-16,1569
46327,2021-08-16,1326
46346,2021-08-16,
46349,2021-08-16,354
47122,2021-08-16,1201
47371,2021-08-16,1221
47446,2021-08-16,995
47460,2021-08-16,1214
46711,2021-08-16,768
46723,2021-08-16,817
46738,2021-08-16,945
46809,2021-08-16,921
46347,2021-08-16,469
46366,2021-08-16,566
46404,2021-08-16,1401
46408,2021-08-16,1308
47944,2021-08-16,434
46044,2021-08-16,349
46064,2021-08-16,1919
46106,2021-08-16,1027
46121,2021-08-16,492
46126,2021-08-16,512
46181,2021-08-16,581
46202,2021-08-16,2348
46565,2021-08-16,509
46574,2021-08-16,842
46635,2021-08-16,900
46701,2021-08-16,879
46989,2021-08-16,542
46992,2021-08-16,2142
47220,2021-08-16,610
47330,2021-08-16,631
47348,2021-08-16,1142
47424,2021-08-16,841
47429,2021-08-16,790
47542,2021-08-16,1473
46402,2021-08-16,431
46552,2021-08-16,754
46556,2021-08-16,1778
46567,2021-08-16,1232
46201,2021-08-16,2754
46382,2021-08-16,228
46409,2021-08-16,567
46570,2021-08-16,
46173,2021-08-16,1234
46231,2021-08-16,1315
46259,2021-08-16,1589
46341,2021-08-16,1212
46765,2021-08-16,668
46774,2021-08-16,2049
46795,2021-08-16,602
46802,2021-08-16,1084
46407,2021-08-16,795
46550,2021-08-16,1444
46582,2021-08-16,1783
47670,2021-08-16,1857
47666,2021-08-16,
47710,2021-08-16,2403
47803,2021-08-16,2415
47879,2021-08-16,282
47990,2021-08-16,199
46041,2021-08-16,3456
46118,2021-08-16,510
46167,2021-08-16,847
46534,2021-08-16,1177
46601,2021-08-16,636
46613,2021-08-16,1550
46748,2021-08-16,893
47872,2021-08-16,923
47882,2021-08-16,942
46031,2021-08-16,223
46052,2021-08-16,2555
47610,2021-08-16,728
47660,2021-08-16,555
47904,2021-08-16,1953
47932,2021-08-16,879
46615,2021-08-16,1668
46714,2021-08-16,1723
46761,2021-08-16,1074
47001,2021-08-16,1115
46161,2021-08-16,275
46511,2021-08-16,733
46536,2021-08-16,375
46619,2021-08-16,3009
47018,2021-08-16,482
47240,2021-08-16,2417
47260,2021-08-16,169
47302,2021-08-16,2448
47639,2021-08-16,707
47725,2021-08-16,2863
47901,2021-08-16,351
47923,2021-08-16,463
47842,2021-08-16,1208
47978,2021-08-16,1239
46107,2021-08-16,1380
46394,2021-08-16,1274
46011,2021-08-16,1875
46012,2021-08-16,1936
46013,2021-08-16,1917
46228,2021-08-16,1455
46373,2021-08-16,2036
46405,2021-08-16,1365
46506,2021-08-16,1242
46540,2021-08-16,1245
47933,2021-08-16,3553
47957,2021-08-16,155
47963,2021-08-16,189
47971,2021-08-16,225
47960,2021-08-16,1979
46036,2021-08-16,1339
46040,2021-08-16,1849
46055,2021-08-16,1672
47006,2021-08-16,1249
47012,2021-08-16,1043
47111,2021-08-16,1834
47119,2021-08-16,1243
47920,2021-08-16,284
46016,2021-08-16,1763
46062,2021-08-16,4282
46128,2021-08-16,206
46310,2021-08-16,1623
46403,2021-08-16,934
46507,2021-08-16,1233
46561,2021-08-16,1938
46113,2021-08-16,1896
46163,2021-08-16,1603
46164,2021-08-16,392
46166,2021-08-16,224
46784,2021-08-16,261
46797,2021-08-16,392
46803,2021-08-16,987
46805,2021-08-16,2676
47586,2021-08-16,1096
47601,2021-08-16,1834
47620,2021-08-16,1751
47804,2021-08-16,1422
46240,2021-08-16,1932
46250,2021-08-16,2025
46319,2021-08-16,2005
46637,2021-08-16,2119
47117,2021-08-16,460
47129,2021-08-16,2321
47161,2021-08-16,421
47250,2021-08-16,2756
46814,2021-08-16,1876
46923,2021-08-16,1032
47167,2021-08-16,1527
47807,2021-08-16,1221
47421,2021-08-16,3206
47443,2021-08-16,
47562,2021-08-16,346
47715,2021-08-16,3720
46703,2021-08-16,2355
46706,2021-08-16,2494
46733,2021-08-16,2327
46755,2021-08-16,2173
47909,2021-08-16,5713
46069,2021-08-16,852
46072,2021-08-16,1156
46280,2021-08-16,711
46186,2021-08-16,186
46205,2021-08-16,2724
46278,2021-08-16,906
46311,2021-08-16,2840
46808,2021-08-16,1995
46818,2021-08-16,2476
46975,2021-08-16,1392
47112,2021-08-16,2265
46793,2021-08-16,398
46804,2021-08-16,3234
46825,2021-08-16,3538
46952,2021-08-16,2219
46034,2021-08-16,823
46122,2021-08-16,1964
46176,2021-08-16,3520
46229,2021-08-16,3026
46356,2021-08-16,2337
46614,2021-08-16,3874
46743,2021-08-16,254
46750,2021-08-16,3281
47170,2021-08-16,1801
47501,2021-08-16,2190
47720,2021-08-16,2416
47834,2021-08-16,2179
46218,2021-08-16,2735
46221,2021-08-16,2938
46234,2021-08-16,3127
46256,2021-08-16,2339
46816,2021-08-16,2097
46845,2021-08-16,3585
46901,2021-08-16,4957
46951,2021-08-16,174
46970,2021-08-16,2940
47025,2021-08-16,2954
47274,2021-08-16,3624
47331,2021-08-16,2842
46184,2021-08-16,1529
46217,2021-08-16,4538
46225,2021-08-16,629
46260,2021-08-16,3315
46168,2021-08-16,4515
46204,2021-08-16,1315
46241,2021-08-16,3129
46268,2021-08-16,2613
46135,2021-08-16,2155
46236,2021-08-16,2868
46312,2021-08-16,3360
46323,2021-08-16,2633
46806,2021-08-16,2915
46815,2021-08-16,3232
46947,2021-08-16,4991
46953,2021-08-16,2521
47374,2021-08-16,5123
47401,2021-08-16,2910
47404,2021-08-16,2170
47546,2021-08-16,3207
46528,2021-08-16,3926
46563,2021-08-16,3215
46580,2021-08-16,3156
46725,2021-08-16,2936
47150,2021-08-16,5312
47201,2021-08-16,4565
47203,2021-08-16,2867
47303,2021-08-16,2659
47304,2021-08-16,3115
47362,2021-08-16,3965
47403,2021-08-16,2953
47630,2021-08-16,5186
46304,2021-08-16,3134
46321,2021-08-16,2610
46324,2021-08-16,2682
46517,2021-08-16,4077
46077,2021-08-16,3271
46158,2021-08-16,2577
46208,2021-08-16,2164
46214,2021-08-16,2940
46203,2021-08-16,3742
46219,2021-08-16,3437
46220,2021-08-16,3530
46222,2021-08-16,3740
46224,2021-08-16,4137
46235,2021-08-16,3453
46237,2021-08-16,5345
46254,2021-08-16,4231
46322,2021-08-16,2735
46342,2021-08-16,4029
46375,2021-08-16,2852
46530,2021-08-16,4154
46131,2021-08-16,4068
46140,2021-08-16,4908
46142,2021-08-16,3819
46151,2021-08-16,3468
47711,2021-08-16,4003
47714,2021-08-16,3970
47802,2021-08-16,4845
47905,2021-08-16,5328
46368,2021-08-16,4666
46383,2021-08-16,4774
46385,2021-08-16,4890
46410,2021-08-16,4529
47408,2021-08-16,1797
47712,2021-08-16,3327
46074,2021-08-16,4439
46143,2021-08-16,7316
47591,2021-08-16,2877
46032,2021-08-16,5284
46226,2021-08-16,4145
46227,2021-08-16,7137
46514,2021-08-16,5972
46526,2021-08-16,5263
46544,2021-08-16,3974
46902,2021-08-16,4441
46239,2021-08-16,3927
46545,2021-08-16,3108
46628,2021-08-16,3353
47130,2021-08-16,5383
46038,2021-08-16,5250
46060,2021-08-16,5230
46112,2021-08-16,4701
46123,2021-08-16,4889
46307,2021-08-16,8395
46350,2021-08-16,5124
46360,2021-08-16,4805
46516,2021-08-16,5185
46835,2021-08-16,4304
47906,2021-08-16,9276
46033,2021-08-16,3742
46037,2021-08-16,5369
47431,2021-08-23,
47467,2021-08-23,
47522,2021-08-23,
47536,2021-08-23,
46930,2021-08-23,
46957,2021-08-23,
46961,2021-08-23,
46967,2021-08-23,
47123,2021-08-23,
47162,2021-08-23,
47226,2021-08-23,
47524,2021-08-23,
47861,2021-08-23,
47866,2021-08-23,
47983,2021-08-23,
47994,2021-08-23,
46110,2021-08-23,
46125,2021-08-23,
46155,2021-08-23,
46290,2021-08-23,
46984,2021-08-23,
47016,2021-08-23,
47104,2021-08-23,
47114,2021-08-23,
47437,2021-08-23,
47574,2021-08-23,
47580,2021-08-23,
47654,2021-08-23,
47982,2021-08-23,
46144,2021-08-23,
46183,2021-08-23,
47263,2021-08-23,
47521,2021-08-23,
47551,2021-08-23,
47585,2021-08-23,
47966,2021-08-23,
47884,2021-08-23,
47924,2021-08-23,
47925,2021-08-23,
47969,2021-08-23,
46931,2021-08-23,
47116,2021-08-23,
47120,2021-08-23,
47351,2021-08-23,
46988,2021-08-23,
47010,2021-08-23,
47036,2021-08-23,
47270,2021-08-23,
46103,2021-08-23,
46348,2021-08-23,
46377,2021-08-23,
46379,2021-08-23,
47354,2021-08-23,
47386,2021-08-23,
47453,2021-08-23,
47528,2021-08-23,
47584,2021-08-23,
47597,2021-08-23,
47876,2021-08-23,
47943,2021-08-23,
46502,2021-08-23,
46771,2021-08-23,
46922,2021-08-23,
46968,2021-08-23,
47552,2021-08-23,
47576,2021-08-23,
47683,2021-08-23,
47836,2021-08-23,
46393,2021-08-23,
46595,2021-08-23,
46781,2021-08-23,
46786,2021-08-23,
47420,2021-08-23,
47455,2021-08-23,
47458,2021-08-23,
47519,2021-08-23,
47537,2021-08-23,
47590,2021-08-23,
47640,2021-08-23,
47849,2021-08-23,
46345,2021-08-23,
46376,2021-08-23,
46381,2021-08-23,
46537,2021-08-23,
47857,2021-08-23,
47942,2021-08-23,
47949,2021-08-23,
47964,2021-08-23,
47451,2021-08-23,
47465,2021-08-23,
47529,2021-08-23,
47578,2021-08-23,
47860,2021-08-23,
46111,2021-08-23,
46117,2021-08-23,
46127,2021-08-23,
47550,2021-08-23,
47568,2021-08-23,
47837,2021-08-23,
47855,2021-08-23,
46731,2021-08-23,
46799,2021-08-23,
46920,2021-08-23,
46943,2021-08-23,
47853,2021-08-23,
47863,2021-08-23,
47871,2021-08-23,
47880,2021-08-23,
47344,2021-08-23,
47361,2021-08-23,
47367,2021-08-23,
47381,2021-08-23,
47282,2021-08-23,
47335,2021-08-23,
47382,2021-08-23,
47388,2021-08-23,
47280,2021-08-23,
47325,2021-08-23,
47385,2021-08-23,193
47449,2021-08-23,
47525,2021-08-23,
47535,2021-08-23,
47575,2021-08-23,
47577,2021-08-23,
47955,2021-08-23,
47958,2021-08-23,
47981,2021-08-23,
46915,2021-08-23,
46759,2021-08-23,
46974,2021-08-23,149
47011,2021-08-23,
47017,2021-08-23,
47997,2021-08-23,
46045,2021-08-23,
46047,2021-08-23,
46063,2021-08-23,
47596,2021-08-23,
47612,2021-08-23,
47854,2021-08-23,
47881,2021-08-23,
47224,2021-08-23,
47616,2021-08-23,
47980,2021-08-23,
46104,2021-08-23,
46958,2021-08-23,
47160,2021-08-23,
47247,2021-08-23,
47337,2021-08-23,
47464,2021-08-23,
47869,2021-08-23,
47907,2021-08-23,
47916,2021-08-23,
46146,2021-08-23,
46508,2021-08-23,
46704,2021-08-23,
46946,2021-08-23,
47231,2021-08-23,
47264,2021-08-23,
47324,2021-08-23,
47360,2021-08-23,169
47345,2021-08-23,
47352,2021-08-23,
47515,2021-08-23,
47531,2021-08-23,
46791,2021-08-23,
46913,2021-08-23,
46959,2021-08-23,
46987,2021-08-23,
47967,2021-08-23,
46076,2021-08-23,167
46216,2021-08-23,228
46301,2021-08-23,
47110,2021-08-23,
47223,2021-08-23,
47234,2021-08-23,
47244,2021-08-23,
46950,2021-08-23,
47135,2021-08-23,
47147,2021-08-23,
47163,2021-08-23,161
47847,2021-08-23,
47859,2021-08-23,
47928,2021-08-23,186
47948,2021-08-23,
47142,2021-08-23,
47339,2021-08-23,
47342,2021-08-23,249
47369,2021-08-23,
46705,2021-08-23,180
46730,2021-08-23,
46794,2021-08-23,148
46798,2021-08-23,122
46985,2021-08-23,
47020,2021-08-23,
47023,2021-08-23,179
47030,2021-08-23,155
47561,2021-08-23,181
47588,2021-08-23,
47649,2021-08-23,
47833,2021-08-23,
46340,2021-08-23,
46365,2021-08-23,
46747,2021-08-23,275
47003,2021-08-23,
47708,2021-08-23,
47832,2021-08-23,
47841,2021-08-23,209
47929,2021-08-23,
47917,2021-08-23,
47921,2021-08-23,
47926,2021-08-23,
47940,2021-08-23,
47991,2021-08-23,
46039,2021-08-23,
46171,2021-08-23,152
46524,2021-08-23,193
47951,2021-08-23,208
47968,2021-08-23,
47992,2021-08-23,
46049,2021-08-23,
47427,2021-08-23,
47469,2021-08-23,186
47513,2021-08-23,198
47516,2021-08-23,
47840,2021-08-23,158
47858,2021-08-23,
47862,2021-08-23,167
47941,2021-08-23,
46990,2021-08-23,
47038,2021-08-23,104
47166,2021-08-23,
47281,2021-08-23,
46764,2021-08-23,
46766,2021-08-23,
46776,2021-08-23,
46788,2021-08-23,332
46133,2021-08-23,
46147,2021-08-23,332
46180,2021-08-23,
46763,2021-08-23,164
47145,2021-08-23,190
47230,2021-08-23,194
47272,2021-08-23,193
47273,2021-08-23,187
47387,2021-08-23,
47468,2021-08-23,
47470,2021-08-23,171
47514,2021-08-23,245
47541,2021-08-23,
47557,2021-08-23,
47846,2021-08-23,
47848,2021-08-23,188
47965,2021-08-23,
46057,2021-08-23,
46058,2021-08-23,357
46150,2021-08-23,
47357,2021-08-23,
47373,2021-08-23,238
47436,2021-08-23,134
47527,2021-08-23,256
46070,2021-08-23,275
46162,2021-08-23,
46175,2021-08-23,
46745,2021-08-23,254
47989,2021-08-23,
46068,2021-08-23,359
46105,2021-08-23,178
46156,2021-08-23,
46941,2021-08-23,
46986,2021-08-23,196
46991,2021-08-23,188
47115,2021-08-23,256
46165,2021-08-23,
46531,2021-08-23,
46571,2021-08-23,274
46702,2021-08-23,244
46760,2021-08-23,
46917,2021-08-23,212
46982,2021-08-23,251
47326,2021-08-23,127
47611,2021-08-23,
47619,2021-08-23,217
47631,2021-08-23,227
47637,2021-08-23,188
47141,2021-08-23,175
47175,2021-08-23,
47340,2021-08-23,227
47341,2021-08-23,192
46998,2021-08-23,
47034,2021-08-23,
47035,2021-08-23,
47434,2021-08-23,
47227,2021-08-23,126
47235,2021-08-23,177
47380,2021-08-23,153
47384,2021-08-23,243
46919,2021-08-23,284
47108,2021-08-23,187
47125,2021-08-23,139
47177,2021-08-23,
47930,2021-08-23,
47974,2021-08-23,
46017,2021-08-23,602
46035,2021-08-23,
47950,2021-08-23,
47977,2021-08-23,276
47995,2021-08-23,206
46030,2021-08-23,343
47459,2021-08-23,301
47471,2021-08-23,225
47558,2021-08-23,275
47613,2021-08-23,335
47564,2021-08-23,
47615,2021-08-23,149
46051,2021-08-23,309
46160,2021-08-23,664
47346,2021-08-23,411
47356,2021-08-23,702
47393,2021-08-23,134
47456,2021-08-23,
46056,2021-08-23,224
46065,2021-08-23,473
46149,2021-08-23,197
46374,2021-08-23,
46911,2021-08-23,
46939,2021-08-23,180
46960,2021-08-23,
46979,2021-08-23,696
46510,2021-08-23,327
46532,2021-08-23,171
46543,2021-08-23,327
46737,2021-08-23,781
47579,2021-08-23,410
47581,2021-08-23,286
47850,2021-08-23,243
47922,2021-08-23,258
47031,2021-08-23,611
47037,2021-08-23,414
47042,2021-08-23,517
47137,2021-08-23,
46120,2021-08-23,604
46130,2021-08-23,239
46172,2021-08-23,216
46182,2021-08-23,242
47635,2021-08-23,646
47809,2021-08-23,48
47952,2021-08-23,260
47959,2021-08-23,352
47024,2021-08-23,242
47118,2021-08-23,300
47283,2021-08-23,337
47305,2021-08-23,339
46779,2021-08-23,237
46785,2021-08-23,144
46787,2021-08-23,360
46910,2021-08-23,452
47805,2021-08-23,1618
46732,2021-08-23,346
46740,2021-08-23,242
46741,2021-08-23,339
46746,2021-08-23,469
47433,2021-08-23,384
47448,2021-08-23,697
47520,2021-08-23,277
47970,2021-08-23,240
47462,2021-08-23,542
47713,2021-08-23,1365
47946,2021-08-23,232
47975,2021-08-23,
47648,2021-08-23,691
47868,2021-08-23,201
47918,2021-08-23,739
46148,2021-08-23,577
46542,2021-08-23,573
46555,2021-08-23,338
46770,2021-08-23,328
46773,2021-08-23,459
46914,2021-08-23,418
46928,2021-08-23,523
46929,2021-08-23,404
46938,2021-08-23,351
47358,2021-08-23,
47523,2021-08-23,470
47532,2021-08-23,625
47598,2021-08-23,395
47432,2021-08-23,563
47512,2021-08-23,417
47633,2021-08-23,322
47634,2021-08-23,286
47327,2021-08-23,452
47338,2021-08-23,275
47355,2021-08-23,239
47406,2021-08-23,1522
47043,2021-08-23,589
47124,2021-08-23,495
47138,2021-08-23,435
47164,2021-08-23,340
47368,2021-08-23,318
47390,2021-08-23,467
47438,2021-08-23,427
47452,2021-08-23,526
47987,2021-08-23,445
46071,2021-08-23,369
46075,2021-08-23,813
46157,2021-08-23,423
46978,2021-08-23,228
46996,2021-08-23,712
47102,2021-08-23,763
47229,2021-08-23,360
47353,2021-08-23,650
47405,2021-08-23,111
47454,2021-08-23,883
47638,2021-08-23,533
46710,2021-08-23,608
46792,2021-08-23,501
46932,2021-08-23,449
47106,2021-08-23,557
47232,2021-08-23,250
47320,2021-08-23,465
47383,2021-08-23,288
47394,2021-08-23,1028
47553,2021-08-23,794
47665,2021-08-23,529
47838,2021-08-23,475
47874,2021-08-23,376
46504,2021-08-23,444
46554,2021-08-23,474
46573,2021-08-23,575
46590,2021-08-23,675
46940,2021-08-23,332
46962,2021-08-23,948
47022,2021-08-23,367
47143,2021-08-23,468
46933,2021-08-23,790
47032,2021-08-23,436
47040,2021-08-23,619
47041,2021-08-23,627
47954,2021-08-23,264
47993,2021-08-23,566
46001,2021-08-23,1232
46048,2021-08-23,216
46936,2021-08-23,875
46994,2021-08-23,366
47126,2021-08-23,518
47136,2021-08-23,528
47265,2021-08-23,2099
47334,2021-08-23,335
47336,2021-08-23,361
47359,2021-08-23,286
47885,2021-08-23,1151
46050,2021-08-23,164
46115,2021-08-23,189
46124,2021-08-23,928
46303,2021-08-23,1892
46390,2021-08-23,276
46501,2021-08-23,423
46538,2021-08-23,494
46320,2021-08-23,1580
46327,2021-08-23,1333
46346,2021-08-23,
46349,2021-08-23,355
46767,2021-08-23,1267
46772,2021-08-23,268
46819,2021-08-23,1048
46926,2021-08-23,199
46539,2021-08-23,231
46553,2021-08-23,515
46617,2021-08-23,1430
46742,2021-08-23,354
47933,2021-08-23,3632
47957,2021-08-23,156
47963,2021-08-23,190
47971,2021-08-23,232
47306,2021-08-23,130
47396,2021-08-23,891
47441,2021-08-23,1014
47567,2021-08-23,840
46777,2021-08-23,782
46783,2021-08-23,861
47060,2021-08-23,742
47165,2021-08-23,645
46565,2021-08-23,511
46574,2021-08-23,861
46635,2021-08-23,914
46701,2021-08-23,907
46371,2021-08-23,393
46391,2021-08-23,970
46392,2021-08-23,852
46406,2021-08-23,850
46711,2021-08-23,812
46723,2021-08-23,851
46738,2021-08-23,957
46809,2021-08-23,955
46113,2021-08-23,1954
46163,2021-08-23,1637
46164,2021-08-23,406
46166,2021-08-23,235
46201,2021-08-23,2822
46382,2021-08-23,234
46409,2021-08-23,578
46570,2021-08-23,
46562,2021-08-23,533
46616,2021-08-23,649
46721,2021-08-23,533
46807,2021-08-23,1814
47666,2021-08-23,
47710,2021-08-23,2497
47803,2021-08-23,2465
47879,2021-08-23,293
46161,2021-08-23,277
46511,2021-08-23,744
46536,2021-08-23,383
46619,2021-08-23,3031
46784,2021-08-23,266
46797,2021-08-23,420
46803,2021-08-23,1032
46805,2021-08-23,2741
47944,2021-08-23,447
46044,2021-08-23,354
46064,2021-08-23,1955
46106,2021-08-23,1058
47990,2021-08-23,200
46041,2021-08-23,3527
46118,2021-08-23,532
46167,2021-08-23,872
46989,2021-08-23,553
46992,2021-08-23,2236
47220,2021-08-23,624
47330,2021-08-23,653
46347,2021-08-23,474
46366,2021-08-23,578
46404,2021-08-23,1423
46408,2021-08-23,1324
47872,2021-08-23,958
47882,2021-08-23,977
46031,2021-08-23,224
46052,2021-08-23,2599
46121,2021-08-23,504
46126,2021-08-23,525
46181,2021-08-23,588
46202,2021-08-23,2384
47140,2021-08-23,268
47172,2021-08-23,2378
47243,2021-08-23,657
47246,2021-08-23,427
47018,2021-08-23,503
47240,2021-08-23,2490
47260,2021-08-23,169
47302,2021-08-23,2516
46765,2021-08-23,688
46774,2021-08-23,2100
46795,2021-08-23,612
46802,2021-08-23,1143
47639,2021-08-23,723
47725,2021-08-23,2936
47901,2021-08-23,366
47923,2021-08-23,469
47610,2021-08-23,751
47660,2021-08-23,582
47904,2021-08-23,2006
47932,2021-08-23,893
46534,2021-08-23,1196
46601,2021-08-23,646
46613,2021-08-23,1563
46748,2021-08-23,930
46814,2021-08-23,1907
46923,2021-08-23,1057
47167,2021-08-23,1559
47807,2021-08-23,1247
47348,2021-08-23,1155
47424,2021-08-23,884
47429,2021-08-23,814
47542,2021-08-23,1497
46402,2021-08-23,441
46552,2021-08-23,758
46556,2021-08-23,1780
46567,2021-08-23,1243
46373,2021-08-23,2055
46405,2021-08-23,1383
46506,2021-08-23,1274
46540,2021-08-23,1258
47842,2021-08-23,1235
47978,2021-08-23,1259
46107,2021-08-23,1417
46394,2021-08-23,1281
46186,2021-08-23,187
46205,2021-08-23,2787
46278,2021-08-23,921
46311,2021-08-23,2859
47122,2021-08-23,1248
47371,2021-08-23,1254
47446,2021-08-23,1052
47460,2021-08-23,1251
46407,2021-08-23,801
46550,2021-08-23,1459
46582,2021-08-23,1806
47670,2021-08-23,1919
46615,2021-08-23,1687
46714,2021-08-23,1776
46761,2021-08-23,1084
47001,2021-08-23,1148
46310,2021-08-23,1650
46403,2021-08-23,948
46507,2021-08-23,1254
46561,2021-08-23,1958
47117,2021-08-23,489
47129,2021-08-23,2387
47161,2021-08-23,436
47250,2021-08-23,2880
47421,2021-08-23,3377
47443,2021-08-23,
47562,2021-08-23,358
47715,2021-08-23,3840
47920,2021-08-23,290
46016,2021-08-23,1830
46062,2021-08-23,4359
46128,2021-08-23,217
47006,2021-08-23,1284
47012,2021-08-23,1063
47111,2021-08-23,1908
47119,2021-08-23,1293
46173,2021-08-23,1271
46231,2021-08-23,1354
46259,2021-08-23,1621
46341,2021-08-23,1223
46011,2021-08-23,1920
46012,2021-08-23,2009
46013,2021-08-23,1980
46228,2021-08-23,1490
47586,2021-08-23,1148
47601,2021-08-23,1924
47620,2021-08-23,1797
47804,2021-08-23,1455
46240,2021-08-23,1968
46250,2021-08-23,2047
46319,2021-08-23,2040
46637,2021-08-23,2136
47960,2021-08-23,1992
46036,2021-08-23,1384
46040,2021-08-23,1899
46055,2021-08-23,1705
46808,2021-08-23,2092
46818,2021-08-23,2568
46975,2021-08-23,1443
47112,2021-08-23,2365
46793,2021-08-23,408
46804,2021-08-23,3320
46825,2021-08-23,3615
46952,2021-08-23,2263
46356,2021-08-23,2366
46614,2021-08-23,3924
46743,2021-08-23,267
46750,2021-08-23,3498
46184,2021-08-23,1603
46217,2021-08-23,4600
46225,2021-08-23,640
46260,2021-08-23,3387
46816,2021-08-23,2158
46845,2021-08-23,3701
46901,2021-08-23,5108
46951,2021-08-23,184
46218,2021-08-23,2824
46221,2021-08-23,3027
46234,2021-08-23,3185
46256,2021-08-23,2382
47909,2021-08-23,5840
46069,2021-08-23,875
46072,2021-08-23,1181
46280,2021-08-23,720
46168,2021-08-23,4615
46204,2021-08-23,1330
46241,2021-08-23,3237
46268,2021-08-23,2674
46077,2021-08-23,3324
46158,2021-08-23,2651
46208,2021-08-23,2218
46214,2021-08-23,3037
47170,2021-08-23,1883
47501,2021-08-23,2270
47720,2021-08-23,2507
47834,2021-08-23,2313
46034,2021-08-23,834
46122,2021-08-23,2020
46176,2021-08-23,3582
46229,2021-08-23,3117
46304,2021-08-23,3173
46321,2021-08-23,2643
46324,2021-08-23,2720
46517,2021-08-23,4113
46135,2021-08-23,2266
46236,2021-08-23,2928
46312,2021-08-23,3390
46323,2021-08-23,2667
46528,2021-08-23,3948
46563,2021-08-23,3271
46580,2021-08-23,3200
46725,2021-08-23,2987
46703,2021-08-23,2411
46706,2021-08-23,2549
46733,2021-08-23,2403
46755,2021-08-23,2224
46239,2021-08-23,4014
46545,2021-08-23,3153
46628,2021-08-23,3388
47130,2021-08-23,5604
47150,2021-08-23,5526
47201,2021-08-23,4683
47203,2021-08-23,2915
47303,2021-08-23,2710
47374,2021-08-23,5280
47401,2021-08-23,2956
47404,2021-08-23,2202
47546,2021-08-23,3266
46322,2021-08-23,2762
46342,2021-08-23,4064
46375,2021-08-23,2877
46530,2021-08-23,4190
47408,2021-08-23,1816
47712,2021-08-23,3432
46074,2021-08-23,4493
46143,2021-08-23,7508
46970,2021-08-23,3055
47025,2021-08-23,3012
47274,2021-08-23,3742
47331,2021-08-23,2896
46203,2021-08-23,3824
46219,2021-08-23,3515
46220,2021-08-23,3596
46222,2021-08-23,3817
46131,2021-08-23,4197
46140,2021-08-23,5038
46142,2021-08-23,3917
46151,2021-08-23,3573
46806,2021-08-23,2986
46815,2021-08-23,3334
46947,2021-08-23,5051
46953,2021-08-23,2566
46224,2021-08-23,4208
46235,2021-08-23,3567
46237,2021-08-23,5437
46254,2021-08-23,4330
47711,2021-08-23,4150
47714,2021-08-23,4112
47802,2021-08-23,4944
47905,2021-08-23,5451
47304,2021-08-23,3173
47362,2021-08-23,4055
47403,2021-08-23,3032
47630,2021-08-23,5357
46514,2021-08-23,6035
46526,2021-08-23,5319
46544,2021-08-23,4017
46902,2021-08-23,4575
46368,2021-08-23,4727
46383,2021-08-23,4814
46385,2021-08-23,4936
46410,2021-08-23,4593
46038,2021-08-23,5332
46060,2021-08-23,5401
46112,2021-08-23,4823
46123,2021-08-23,5004
47591,2021-08-23,3022
46032,2021-08-23,5372
46226,2021-08-23,4322
46227,2021-08-23,7285
46307,2021-08-23,8453
46350,2021-08-23,5184
46360,2021-08-23,4863
46516,2021-08-23,5226
46835,2021-08-23,4428
47906,2021-08-23,9371
46033,2021-08-23,3805
46037,2021-08-23,5464
