zcta,vote16Trump,acsSchPub,acsSchPrv,acsWhiteNonHisp,acsBlackNonHisp,acsAsianNonHisp,acsHispanic,acsOther,acsBAorMore,upsai
47982,0.765027322404372,23,0,165,0,0,8,0,0.08,rural
47987,0.814470288833654,588,148,3907,19,0,72,76,0.108229598893499,rural
47990,0.816223296983979,357,54,1903,0,0,28,33,0.101880877742947,rural
47997,0.766423357664234,29,4,132,0,0,2,0,0.117647058823529,rural
47368,0.735896648794051,441,65,2704,0,13,50,64,0.20487106017192,rural
47381,0.855018587360595,14,0,119,0,0,0,3,0,rural
47451,0.772424000660109,200,22,1046,0,9,32,24,0.100929614873838,rural
47460,0.726590818880082,1551,181,10380,47,99,174,217,0.143963609540202,rural
47462,0.798171365356619,745,74,4662,0,20,42,88,0.190519598906108,rural
47516,0.789566013685786,189,9,1034,0,0,66,0,0.101449275362319,rural
47610,0.679363475477849,1052,15,5315,46,9,7,67,0.129760225669958,rural
47612,0.661909683510401,89,5,697,0,0,5,13,0.192842942345924,rural
47619,0.657222030963588,280,5,1731,3,0,2,17,0.131067961165049,rural
47970,0.753969881045089,362,29,1590,17,9,88,75,0.248735244519393,rural
47981,0.766451592550708,251,0,1090,0,0,0,40,0.284005979073244,rural
47983,0.712480252764613,100,0,303,0,0,0,0,0.300813008130081,rural
47243,0.618840731696398,930,95,5563,117,11,73,143,0.188995958967983,suburban
47280,0.725776965265082,227,133,841,0,0,138,0,0.111111111111111,rural
47337,0.748847926267281,17,0,133,0,0,5,0,0.0823529411764706,rural
47846,0.837953091684435,121,0,532,0,0,0,0,0.250645994832041,rural
47853,0.818456883509834,12,0,121,0,0,0,0,0.0897435897435897,suburban
47854,0.726809136919127,115,0,612,0,0,0,0,0.157549234135667,rural
47868,0.814100177294429,609,59,3028,0,0,0,44,0.103021978021978,rural
47901,0.285777489656591,111,11,3007,156,211,297,44,0.409698996655518,urban
47906,0.379805894553225,8368,1336,54403,2665,14102,4131,2401,0.629727073889752,suburban
47921,0.784549872176111,197,26,956,16,7,106,55,0.106837606837607,rural
47932,0.777058730338701,992,28,5046,16,72,132,51,0.177624309392265,rural
47940,0.849584819741454,209,99,1667,3,0,48,21,0.151724137931034,rural
47546,0.7014795521841,3464,755,19973,84,115,1192,174,0.263207610822482,urban
47025,0.746507040992692,3885,547,21703,239,213,430,209,0.276348439336555,suburban
47141,0.757652004766477,251,33,1356,0,0,186,0,0.121274409044193,rural
47232,0.785166243243548,496,39,3069,13,0,93,152,0.145246478873239,rural
47429,0.60376201568742,1658,368,8981,20,127,34,107,0.303487132632861,suburban
47611,0.703378251695341,297,22,1440,0,0,16,33,0.181906614785992,rural
47992,0.726567143227538,362,0,1089,0,0,268,0,0.178154825026511,rural
47040,0.737724519473252,775,22,4839,89,13,74,88,0.141884816753927,rural
47161,0.734866800544473,420,0,3244,1,0,58,2,0.189834424335772,rural
47150,0.527303753920186,7405,1110,39597,3797,571,2243,1704,0.250977796497984,suburban
47250,0.657080438642919,2740,645,20332,516,245,780,329,0.185052057511155,rural
47711,0.603993247087686,4701,948,29142,1710,488,401,871,0.229154013015184,suburban
47725,0.712390268998794,2938,1041,15675,508,521,337,285,0.45879489761665,suburban
47802,0.584628630993321,4946,799,28446,2713,1096,1310,1329,0.284866217190349,suburban
47837,0.800630769615341,155,0,1007,0,0,0,1,0.132768361581921,rural
47858,0.798892721697465,190,17,691,0,0,33,0,0.215885947046843,rural
47865,0.728155339805825,0,0,18,0,0,0,37,0,rural
47917,0.76487373985967,65,13,373,0,0,119,0,0.158682634730539,rural
47925,0.755508919202518,6,0,117,0,0,0,16,0,rural
47963,0.789343043211594,313,49,1984,0,0,57,16,0.175824175824176,rural
47967,0.826752242175417,82,21,658,9,10,3,0,0.134146341463415,rural
47974,0.789116910797786,151,21,1121,9,0,13,33,0.151447661469933,rural
47978,0.720202690985967,1951,224,10600,108,72,574,161,0.161415220293725,rural
47283,0.831510426909563,561,60,3042,0,11,58,82,0.142253521126761,rural
47362,0.697685934878702,4665,340,27448,1103,33,613,676,0.154291584944429,urban
47106,0.735608517400873,885,160,4975,3,0,27,0,0.179595532749774,rural
47670,0.698022626246406,1837,209,10849,658,10,235,296,0.146259724715739,suburban
47930,0.733090600918226,223,32,1254,0,0,9,31,0.247178329571106,rural
47665,0.785220931536096,675,75,3667,5,29,6,39,0.17473338802297,rural
47872,0.776047007168064,976,188,8189,79,0,132,347,0.099562363238512,rural
47123,0.695652173913044,20,0,122,0,0,0,0,0,rural
47227,0.791617761081171,425,10,2299,0,0,0,0,0.0965346534653465,rural
47467,0.823284823284823,22,0,167,0,0,0,0,0,rural
47525,0.624836559936733,26,0,281,0,0,0,0,0.203921568627451,rural
47637,0.751524002525503,253,9,1294,0,0,0,0,0.131914893617021,rural
47918,0.748036840603047,853,94,5363,14,0,223,79,0.151559813313682,rural
47433,0.748837549864229,493,338,3971,0,4,6,58,0.176577229876722,rural
47535,0.883512544802867,210,11,733,0,0,0,25,0.0985626283367557,rural
47635,0.706464174107124,878,109,5117,104,14,113,84,0.11614730878187,rural
47989,0.839071961077498,199,47,1330,0,2,34,64,0.122727272727273,rural
47369,0.820297708128454,176,14,1293,2,3,10,12,0.0855057351407717,rural
47952,0.822279804868658,437,94,2891,2,0,19,29,0.17010062290369,rural
47104,0.783783783783784,0,0,0,0,0,0,0,,rural
47110,0.796538518344796,167,0,417,0,0,0,0,0.15625,rural
47306,0.303201243373967,0,0,4019,483,103,270,221,0,suburban
47324,0.759090909090909,19,2,145,0,0,0,4,0.0818181818181818,rural
47335,0.801358234295416,111,0,736,2,0,15,0,0.137735849056604,suburban
47367,0.740458015267176,0,0,57,0,0,0,0,0,rural
47388,0.815406976744186,69,0,334,0,0,1,0,0.176190476190476,rural
47405,0.165487952204372,0,0,2732,113,382,302,168,0.833333333333333,suburban
47434,0.555684454756381,0,0,0,0,0,0,0,,rural
47437,0.799674267100977,0,8,155,0,0,0,0,0,rural
47457,0.767482517482518,67,0,166,0,11,0,15,0.0892857142857143,rural
47458,0.571194762684124,18,0,58,0,0,0,0,0.525,rural
47809,0.286472148541114,0,0,1792,476,48,144,56,1,urban
47857,0.769021739130435,27,0,402,6,4,0,8,0.0705882352941176,suburban
47869,0.811428571428571,0,0,90,34,0,0,0,0,rural
47871,0.691516053928204,72,5,317,0,0,0,4,0.109375,rural
47880,0.660162601626016,29,0,78,0,0,0,0,0.224489795918367,rural
47907,,0,0,0,0,0,0,0,,
47382,0.774834437086093,35,5,250,0,0,0,5,0.0745341614906832,rural
47522,0.749181798168096,30,43,268,44,8,76,41,0.124401913875598,rural
47574,0.668587896253602,29,0,213,0,0,0,0,0.43609022556391,rural
47630,0.661243274182675,5936,1421,32466,935,1501,824,456,0.393317843121545,suburban
47805,0.638936010810976,1736,162,12045,157,24,136,262,0.255064875938994,rural
47536,0.634146341463415,0,0,0,0,0,0,0,,rural
47537,0.664072665320293,123,0,886,0,0,10,0,0.110606060606061,rural
47568,0.887259436700366,105,20,824,5,0,0,0,0.142857142857143,rural
47576,0.677865612648221,47,0,341,0,0,0,0,0.216216216216216,rural
47588,0.624869924704541,82,5,589,0,0,24,2,0.131958762886598,rural
47590,0.789594901197901,32,0,413,0,0,0,0,0.172043010752688,rural
47596,0.871951219512195,19,0,71,0,0,0,0,0.255813953488372,rural
47616,0.735113826543514,36,0,265,0,0,0,0,0.401273885350319,rural
47648,0.75662960288959,658,195,3843,13,66,110,187,0.188591800356506,rural
47683,0.751937984496124,65,0,235,0,0,0,0,0.0967741935483871,rural
47708,0.244698205546493,6,0,416,29,0,0,0,0.317972350230415,urban
47443,0.824829050183836,307,0,1244,9,13,9,0,0.107270560190703,rural
47396,0.660590399795006,1155,0,6636,130,55,0,82,0.291946992864424,rural
47403,0.449713749663226,4323,826,28061,1677,864,1746,1157,0.367452893523699,suburban
47432,0.709260359074425,704,9,3610,453,13,120,190,0.0996913580246914,rural
47452,0.791142447332646,954,76,5283,0,0,50,27,0.111923509561305,rural
47464,0.690340909090909,22,7,208,0,0,4,0,0.186335403726708,rural
47470,0.813677776810983,108,98,1536,0,0,0,44,0.135084427767355,rural
47036,0.71518333670398,116,78,846,0,0,36,0,0.520504731861199,rural
47060,0.860756365804762,837,240,5832,0,0,110,0,0.226109415355717,rural
47120,0.744487388174146,0,9,709,0,0,32,0,0,rural
47136,0.707161754083823,698,233,4240,47,120,45,30,0.270046388336647,rural
47959,0.73533672771238,722,25,1942,18,0,929,17,0.0986225895316804,rural
47964,0.754010695187166,16,7,110,0,0,0,0,0.0123456790123457,rural
47968,0.831883639629377,166,0,1004,0,0,23,3,0.214384508990318,rural
47993,0.7680067204727,627,32,3503,5,14,85,54,0.17706315381635,rural
47143,0.741849478776569,463,160,3050,13,0,0,0,0.34973209936678,rural
47164,0.729156859630717,572,162,4020,8,9,24,54,0.108449767132402,rural
47167,0.74414437578039,2361,206,14365,26,41,144,303,0.13284954039671,rural
47223,0.787270968830767,100,0,1024,0,0,0,0,0.11734693877551,rural
47229,0.766985123932465,705,66,3136,0,88,20,17,0.117591275486012,rural
47234,0.776022379443514,248,0,1446,0,0,11,0,0.117260787992495,rural
47246,0.773913155947237,816,115,4366,45,55,61,73,0.181114089961275,rural
47264,0.797142421518082,177,0,1197,0,0,0,0,0.0270562770562771,rural
47359,0.755127058420817,612,5,2808,0,87,29,89,0.084533209475151,rural
47371,0.751454228326701,2247,171,11464,53,132,399,152,0.117596141956226,rural
47247,0.825670498084291,16,4,181,0,0,13,0,0.0774193548387097,rural
47263,0.882747068676717,52,7,250,0,0,5,0,0.0395480225988701,rural
47303,0.464806855534184,2584,210,20219,3062,355,827,661,0.219643240919837,suburban
47305,0.346430114092045,425,89,2715,425,0,139,225,0.175154320987654,urban
47334,0.719819582876069,514,39,3082,26,2,47,32,0.221508140531277,rural
47345,0.758241227994517,202,100,1317,0,7,28,54,0.120507399577167,rural
47352,0.78930962647434,174,5,846,0,0,14,0,0.231292517006803,rural
47885,0.634269804793763,1497,135,8635,68,8,69,140,0.159403855499757,rural
47933,0.726807803207549,4418,369,24826,241,302,1622,530,0.195114196385989,rural
47951,0.666353092619332,300,23,1973,29,0,158,8,0.134422110552764,rural
47960,0.71100316361016,2096,247,13409,117,42,816,337,0.173195299384443,rural
47965,0.840308365252873,148,17,599,0,0,0,0,0.140664961636829,rural
47966,0.693517437009845,65,2,317,0,0,14,28,0.130597014925373,rural
47971,0.758732584251533,404,35,1831,11,0,109,6,0.154679040989946,rural
47118,0.710933407558438,574,85,3372,4,0,62,36,0.131567706108501,rural
47122,0.704553528907501,1949,167,10469,53,102,141,178,0.356832515767344,suburban
47135,0.786289846038695,68,35,778,0,0,17,143,0.103496503496504,rural
47170,0.694104893209075,1812,548,14188,40,69,393,229,0.142680842984621,rural
47172,0.685932342947902,3410,675,15801,395,184,801,632,0.279270146984288,suburban
47177,0.751458468165648,113,58,1090,51,0,100,0,0.173863636363636,rural
47203,0.650303286547652,4133,788,22770,342,1548,1146,1001,0.367397531952402,suburban
47336,0.680617870838438,559,26,3085,21,0,124,13,0.118202247191011,rural
47339,0.775134446141057,40,18,490,0,0,6,1,0.0649717514124294,rural
47356,0.759451509336282,822,83,5072,12,127,33,42,0.188361408882083,suburban
47373,0.687151709963382,379,19,2327,0,22,55,0,0.0793742757821553,rural
47384,0.824115363276368,404,11,1917,0,0,20,107,0.19047619047619,rural
47387,0.810686132555419,69,4,702,6,15,2,5,0.133466135458167,rural
47401,0.280260350176135,4751,971,35051,1095,4599,1208,1326,0.597387717690193,suburban
47404,0.392330987405695,2585,300,20251,863,835,772,1111,0.351835455969489,suburban
47420,0.767123287671233,149,25,439,0,0,0,0,0.0452830188679245,rural
47438,0.81042375623621,826,111,4279,31,0,53,112,0.131453804347826,rural
47465,0.785483745031038,74,5,493,2,0,4,21,0.125,rural
47469,0.741314663152166,394,13,1773,24,12,12,7,0.181114551083591,rural
47501,0.784924410801753,2713,646,15318,619,0,1604,341,0.156883848000662,rural
47527,0.764361909992522,326,59,1870,65,0,0,0,0.243557772236077,rural
47552,0.648236870723834,13,0,245,0,0,0,25,0.307392996108949,rural
47561,0.826655190381412,260,100,1623,0,2,12,13,0.191885038038884,rural
47562,0.882400921231933,565,461,4583,6,89,3,74,0.119165487977369,rural
47580,0.741928707662358,82,0,406,0,0,0,0,0.05859375,rural
47581,0.825655588320234,613,28,3632,22,0,34,33,0.105561861520999,rural
47586,0.571472721469137,1818,197,10453,142,91,180,156,0.17567920585162,suburban
47916,0.841961852861035,11,0,40,0,0,3,0,0,rural
47920,0.620781401708088,397,31,2170,0,0,88,2,0.281102891728312,rural
47929,0.774192359601311,96,17,669,0,0,0,4,0.140425531914894,rural
47944,0.72825179290044,516,72,3278,10,0,45,69,0.180225281602002,rural
47137,0.718167316182706,186,12,1472,10,0,1,16,0.104938271604938,rural
47112,0.720048778680245,2550,601,15745,88,14,449,297,0.226603119584056,rural
47126,0.777138374206304,628,60,4516,15,0,22,145,0.183497170092344,rural
47138,0.729896149115495,655,262,4143,8,48,108,71,0.0968561448078755,rural
47142,0.796360779583418,189,0,1049,0,0,0,0,0.0401034928848642,rural
47145,0.689631787231182,331,10,1836,0,0,22,55,0.17339312406577,rural
47147,0.759976125752811,248,62,1238,0,0,35,0,0.0641183723797781,rural
47166,0.710875571092045,278,0,1423,0,26,38,28,0.0278670953912112,rural
47224,0.852050683382161,129,0,512,0,0,0,8,0.0512820512820513,rural
47244,0.781767025693925,103,26,734,0,0,0,0,0.226611226611227,rural
47274,0.742069885672815,4766,1114,26523,448,861,3008,512,0.186600169379881,suburban
47020,0.733963720929114,386,8,1432,0,0,0,0,0.102781136638452,rural
47034,0.877682403433476,30,3,132,0,0,3,0,0,rural
47994,0.830940988835726,51,3,309,0,0,0,0,0.0704225352112676,rural
47713,0.208941577634004,1550,262,4989,3901,9,554,655,0.191625266146203,urban
47840,0.80305573045484,480,60,1831,0,0,0,0,0.261392949269132,rural
47855,0.755495956120864,79,5,519,0,0,0,7,0.0267379679144385,rural
47862,0.749950054821145,251,23,1196,20,0,142,32,0.105648535564854,rural
47874,0.744047879519236,591,116,3088,0,0,6,113,0.123385300668151,rural
47926,0.80138787262164,291,40,1459,5,1,0,15,0.126646403242148,rural
47394,0.722180342225678,1280,145,7888,99,0,77,270,0.159133549377452,rural
47380,0.797602788912993,297,0,1439,0,0,9,28,0.108882521489971,rural
47385,0.768052930419726,170,20,1215,8,6,0,48,0.151187904967603,rural
47615,0.750656401817915,184,18,1770,11,0,9,42,0.0876325088339223,rural
47471,0.809262889286409,335,133,2691,2,3,50,0,0.153846153846154,rural
47520,0.612229794434937,493,9,2690,25,0,24,47,0.117283950617284,rural
47553,0.831051815123933,1381,445,8570,11,10,7,16,0.137794567368232,rural
47528,0.812470981807768,84,20,492,0,0,12,0,0.186246418338109,rural
47542,0.718557155287877,2156,226,7709,120,164,1993,75,0.175093052109181,rural
47550,0.708208287169768,108,10,548,0,0,13,0,0.143617021276596,rural
47578,0.808375907867333,52,2,689,0,3,18,0,0.205432937181664,rural
47584,0.704268292682927,2,0,139,0,0,0,0,0.0280373831775701,rural
47598,0.769524521243075,510,32,2966,0,0,50,42,0.116824762855716,rural
47601,0.676834898512027,2390,221,13087,44,150,332,241,0.193178326334119,rural
47638,0.764017660562861,423,275,3492,0,0,14,8,0.253561253561254,rural
47712,0.618972412452968,2891,1393,25066,589,295,303,511,0.26715355345526,rural
47836,0.756410256410256,0,0,0,0,0,0,0,,rural
47841,0.839343907140728,418,5,2261,0,7,3,34,0.140917905623788,rural
47847,0.747284471537506,187,45,1137,0,0,17,33,0.132934131736527,rural
47848,0.768287537124824,242,27,1523,32,0,30,31,0.0905829596412556,rural
47849,0.808504317535044,30,7,443,59,0,0,0,0.22258064516129,rural
47860,0.741610738255034,63,0,419,0,0,0,6,0.093167701863354,rural
47861,0.727281203895648,58,59,637,0,0,21,5,0.276190476190476,rural
47866,0.732115262507201,132,0,373,0,0,240,0,0.106382978723404,rural
47881,0.775811209439528,55,4,327,0,0,2,0,0.0847457627118644,rural
47904,0.463595851251445,2571,433,13249,1269,164,2189,414,0.214762741652021,urban
47905,0.571563480870626,6454,1707,33010,2428,618,4479,1096,0.320758831225469,suburban
46774,0.749744252576349,2210,976,16084,308,30,493,306,0.20158511371468,rural
46788,0.855916553151752,501,463,3523,16,0,141,43,0.23509452253999,rural
46791,0.799441709128851,110,13,843,0,2,0,20,0.221843003412969,rural
46798,0.759441360072851,142,84,1441,0,14,0,60,0.197705207413945,rural
46835,0.635899588056791,3751,2417,29319,2218,1000,1817,1304,0.349460079925176,suburban
46901,0.624622914831703,6466,558,33124,3413,227,1427,1192,0.174043372067205,urban
46902,0.663028953112614,6043,686,30073,2747,773,1203,982,0.237517687487366,suburban
46930,0.809364548494983,24,0,121,0,0,5,0,0.0714285714285714,urban
46938,0.749235408807238,566,26,2709,28,4,35,152,0.159235668789809,rural
46947,0.664044705752264,4802,534,20621,392,460,5533,824,0.129551894217651,rural
46950,0.812260508869641,110,0,555,11,0,0,0,0.1325,rural
46951,0.828143689633715,340,8,1815,0,5,45,9,0.0970724191063174,rural
46970,0.75333443991247,4157,135,19940,1834,137,986,602,0.12986301369863,rural
46349,0.754035442839527,597,12,3228,2,0,21,0,0.110472823685373,rural
46368,0.463787661255459,6457,412,27047,2971,516,7091,1036,0.181004586642801,suburban
46374,0.728722386115181,153,15,834,0,0,39,0,0.11328125,rural
46377,0.672176308539945,58,0,299,0,0,33,0,0.111538461538462,rural
46385,0.56566555894973,6915,886,34756,911,455,2683,593,0.316760691537762,suburban
46408,0.214669875698568,2150,330,5407,7416,77,2301,325,0.110568056067872,suburban
46502,0.806238246730294,0,0,58,0,0,0,0,0,rural
46510,0.840411670655322,546,138,3753,3,8,105,55,0.138479001135074,rural
46530,0.595765578371925,5560,1897,26782,847,2457,842,915,0.522960510759045,suburban
46532,0.723885505873888,196,77,1445,0,0,63,23,0.183199285075961,rural
46940,0.82124894800994,495,2,2573,22,26,21,16,0.13828689370485,rural
46989,0.733734606480621,579,147,4465,88,104,78,212,0.3258104226508,rural
46819,0.573833410784457,1123,424,7052,1206,143,981,275,0.23066725585506,suburban
46845,0.727078976597969,4349,1397,20392,707,746,654,567,0.450843164700393,suburban
46110,0.788847372477896,98,0,583,0,0,0,0,0.0478260869565217,rural
46130,0.788959594606017,316,117,2394,37,0,116,122,0.314862765406525,rural
46143,0.69585646313154,10391,1781,47399,2088,4389,2463,872,0.364041525446345,suburban
46148,0.777200561271026,1108,27,5456,46,0,33,20,0.198273461431356,rural
46151,0.803106851168762,5120,631,30118,275,404,297,495,0.163972180000921,rural
46156,0.783931938681337,104,39,1228,0,0,25,0,0.0730593607305936,rural
46158,0.782069603741752,3968,532,22143,0,170,473,366,0.182038533250466,suburban
46202,0.185380330628726,886,297,11377,5627,1885,836,779,0.538821585903084,urban
46205,0.114920453990329,3595,995,12490,12527,465,1151,947,0.438430019409101,urban
46975,0.74669017410693,2587,234,13348,167,84,558,168,0.168982427462199,rural
46404,0.0191405658017877,3716,302,275,16588,16,833,182,0.12841315536945,suburban
46217,0.628980651148907,8074,732,27134,2384,4363,2159,803,0.334061135371179,suburban
46342,0.481471929282717,5817,450,23045,1526,361,5112,830,0.204094412331407,suburban
46035,0.791818785081592,198,28,1194,35,0,0,0,0.140897755610973,rural
46543,0.833609314577598,602,187,3497,3,0,35,18,0.12867859203693,rural
46792,0.798561507576572,592,51,3588,0,58,57,53,0.163175303197354,rural
46702,0.793788869707044,320,32,2030,0,20,1,23,0.163406940063092,suburban
46787,0.786065793156991,566,139,3670,9,21,129,36,0.15520877266976,rural
46065,0.793593833924665,650,238,3381,3,12,29,19,0.163330300272975,rural
46121,0.809871433270612,681,92,5499,0,0,4,42,0.244952893674293,rural
46180,0.838001649853542,138,33,933,0,0,40,3,0.194366197183099,rural
46259,0.712112131795808,1874,419,10016,100,347,158,378,0.438908989702199,suburban
46037,0.5688114695255,8982,1520,33704,2612,2886,1837,851,0.689423325575381,suburban
46062,0.686442193182072,6523,1276,32076,673,705,1365,530,0.494797537501084,suburban
46146,0.81989247311828,126,0,416,0,0,0,0,0,rural
46183,0.723263506063947,0,0,15,0,0,0,0,0,rural
46704,0.729333333333333,9,0,38,0,0,0,0,0.689655172413793,rural
46771,0.813211845102506,38,0,0,0,0,0,72,0,rural
46786,0.795238095238095,0,0,39,0,0,0,0,0,rural
46915,0.827373612823674,114,0,694,0,0,0,0,0.175403225806452,rural
46922,0.653276955602537,0,0,31,0,0,0,0,0.555555555555556,rural
46967,0.784722222222222,12,0,95,0,0,0,2,0.117647058823529,rural
46984,0.8125,46,0,188,0,0,0,0,0.47887323943662,rural
46126,0.7848503881719,840,112,4825,0,0,56,75,0.258944815039418,rural
46998,0.806701030927835,24,0,226,0,0,0,0,0,rural
46001,0.719373823720136,1516,141,9762,28,0,132,71,0.163864388092613,rural
46012,0.617596281484008,1997,401,16983,1303,193,641,686,0.232913800673204,suburban
46030,0.770973869800553,477,37,2891,15,6,59,7,0.206077872744539,rural
46290,0.561485105160551,0,0,187,0,0,0,0,1,suburban
46312,0.0736634837932735,5809,562,1894,9836,25,16287,159,0.0911956766494033,urban
46376,0.739118986634734,40,2,235,0,0,1,7,0.0979020979020979,rural
46383,0.501984984359662,5835,1006,36204,1184,799,3157,901,0.363487602717797,suburban
46394,0.361310352968136,1987,170,6793,330,87,4949,160,0.182758620689655,suburban
46402,0.0337196505882598,1267,87,326,5499,17,345,108,0.129327902240326,urban
46407,0.0207475315004344,1882,226,497,9904,41,295,168,0.104838709677419,urban
46514,0.633557274226379,6959,749,32327,2150,575,5144,1420,0.205191160996142,suburban
46582,0.791250218888737,2432,275,10882,115,543,1756,163,0.269372269487238,rural
46721,0.816897870252527,1128,47,4793,17,24,180,70,0.114217727543129,rural
46748,0.766990674405689,1335,161,4623,33,0,238,127,0.341655266757866,suburban
46760,0.751244240156861,169,50,1276,4,0,101,0,0.149206349206349,rural
46761,0.749056210912702,1555,870,11466,17,11,636,195,0.0999723068402105,rural
46776,0.742433302834227,448,5,1336,0,0,343,36,0.0336363636363636,rural
46793,0.7447777816545,686,220,4690,0,15,123,46,0.182695400450306,rural
46797,0.826118744524969,478,237,3790,8,1,76,40,0.169611307420495,rural
46391,0.611959430448119,1117,118,7313,1610,22,381,202,0.0966588752921765,rural
46045,0.833787465940054,0,0,39,0,0,0,0,0,rural
46056,0.778403167280583,452,66,2191,5,0,34,8,0.201021059349075,rural
46057,0.80899098886948,187,51,1249,2,0,4,14,0.110807113543092,rural
46531,0.732808957920964,301,0,1357,173,0,34,15,0.0775646371976647,rural
46542,0.800536299734137,686,89,3425,3,6,619,89,0.0788158400615148,rural
46545,0.493160121966818,3073,352,19225,2115,703,1384,1258,0.275824112160362,suburban
46550,0.826746731368051,2131,598,11352,33,209,922,108,0.14419032597266,rural
46556,0.321972295456642,17,7,5452,223,664,682,280,0.837378640776699,suburban
46565,0.830154280144919,1122,608,8487,0,4,41,110,0.0650786899191833,rural
46570,0.83286509303752,102,0,769,26,24,14,0,0.1632,rural
46601,0.172601554202824,914,110,2569,2420,27,423,275,0.188210415014539,urban
46356,0.669851510466333,3690,374,16324,27,27,1182,160,0.183963482904143,rural
46366,0.723013649193487,900,257,5357,12,2,152,87,0.124806601340897,rural
46373,0.653434533427537,2446,852,13470,359,266,1618,370,0.360640897981352,suburban
46393,0.64406779661017,9,0,269,0,0,0,27,0.0411985018726592,rural
46409,0.0434770208458943,1335,106,646,5843,0,585,131,0.116459310626147,suburban
46033,0.586481186540353,7610,1557,33658,580,2680,1346,678,0.73421926910299,suburban
46036,0.684067050959508,2017,70,11007,2,36,530,103,0.123802505526898,suburban
46540,0.812484754038278,1790,695,11227,165,0,383,106,0.220844363940365,rural
46567,0.776169042831848,1297,274,8497,54,0,344,267,0.266169154228856,rural
46613,0.320887007451583,2070,238,5042,2743,103,2639,800,0.119725063938619,urban
46616,0.264803032812939,826,188,3332,1271,46,599,209,0.274,urban
46619,0.280267450782577,4449,794,7914,5146,97,7609,705,0.112234885651747,suburban
46701,0.796421964159698,1217,75,7763,66,0,137,136,0.122129436325679,rural
46711,0.856273521546423,1360,753,8342,263,46,65,54,0.186350021394951,rural
46740,0.826984679119645,509,206,3625,7,21,141,80,0.0975725844835793,rural
46747,0.803094943762852,380,10,2217,2,0,13,60,0.168823529411765,rural
46240,0.400377008647228,1841,650,15451,2267,1160,490,417,0.551114878080584,suburban
46310,0.743722609290722,2382,321,12786,2,0,876,168,0.136805484498107,rural
46923,0.730713448420312,1269,196,7310,23,8,678,27,0.174019180470793,rural
46936,0.806530144943792,982,112,5602,6,49,154,46,0.23047619047619,rural
46952,0.689206554927764,2638,556,16238,1122,326,689,250,0.212342402123424,suburban
46957,0.740740740740741,82,0,588,0,0,0,4,0.0995575221238938,suburban
46968,0.69597726460131,45,0,139,0,0,3,0,0,rural
46982,0.846637182232323,490,35,2579,0,4,54,23,0.123924268502582,rural
46986,0.805721634915429,333,44,1566,19,6,37,55,0.191399662731872,rural
46511,0.650376055133771,594,124,4185,10,3,28,82,0.274198769828423,rural
46526,0.589497248792218,5850,988,24591,627,405,6864,630,0.260552787440068,suburban
46528,0.697051911225155,5656,890,20440,519,452,4927,663,0.204125133220488,suburban
46544,0.588801657777909,4781,881,27291,1601,273,1609,1214,0.231861928558208,urban
46553,0.851553789810221,594,54,2798,0,19,411,12,0.118788452437293,rural
46571,0.811766880655562,868,665,5515,0,0,61,106,0.0449961210240497,rural
46595,0.738666666666667,44,0,133,0,0,0,0,0.104477611940299,rural
46703,0.700506510389748,2466,191,17121,98,90,520,435,0.25227694043685,rural
46705,0.76362350366327,364,58,1491,1,45,48,97,0.0931065353625783,rural
46714,0.782054397145076,2733,468,14040,217,90,498,86,0.186423505572442,suburban
46731,0.836741095729883,70,0,743,0,0,16,0,0.139489194499018,rural
46766,0.780933062880324,122,0,683,0,0,54,0,0.103092783505155,rural
46767,0.707848840708605,1609,275,4844,9,73,3079,97,0.0554862842892768,rural
46011,0.585975962144236,2559,362,13640,2284,84,604,457,0.233964419781296,suburban
46013,0.606599019314178,2344,372,14553,1015,189,463,916,0.148267061825965,urban
46041,0.717181559038501,4093,437,16855,151,78,4947,216,0.158179172729162,rural
46044,0.736888455626511,664,36,2974,8,20,73,72,0.188026192703461,suburban
46075,0.64475342892116,1067,355,5495,441,169,310,199,0.518999518999519,suburban
46111,0.790362251446533,31,0,184,0,0,9,3,0.0875912408759124,rural
46115,0.833465648955658,399,6,1860,0,0,67,40,0.18997756170531,rural
46125,0.801980198019802,0,0,55,0,0,0,0,0,rural
46127,0.821855819399879,30,22,287,0,0,0,0,0,rural
46149,0.823573696782039,443,22,2115,0,0,10,28,0.27802037845706,rural
46157,0.800084485539552,621,90,3968,10,5,66,54,0.195157209974702,rural
46171,0.817491593496921,415,20,1673,0,0,30,59,0.144270403957131,rural
46806,0.183437002200835,5469,796,5446,10654,1583,5924,1104,0.0846015146051208,urban
46807,0.369561834087755,3366,830,10053,2650,748,2791,1296,0.304746746559311,urban
46910,0.792037303904026,740,9,2785,0,5,467,119,0.143503847894975,rural
46919,0.811811152155699,476,3,2225,13,17,76,76,0.197860962566845,rural
46931,0.775687409551375,43,6,169,3,0,6,9,0.04,rural
46953,0.585045018144503,2952,290,17623,3271,66,1418,955,0.142857142857143,suburban
46040,0.708174566369927,2531,283,10898,446,178,214,738,0.442229102167183,suburban
46048,0.72544328046779,544,13,1955,35,0,41,86,0.14609375,rural
46055,0.603436759598941,2634,556,9756,1435,232,555,660,0.569372826477995,suburban
46070,0.721651703615785,450,53,2233,13,0,61,29,0.180761781794706,rural
46071,0.804734229298825,465,45,3067,0,21,41,19,0.268867924528302,rural
46077,0.566170086194539,6589,1041,24917,662,2024,1018,675,0.720106951871658,suburban
46106,0.753220279260112,1319,108,6669,34,65,0,87,0.408390613889547,rural
46117,0.82596572353569,133,130,700,0,0,0,128,0.266666666666667,rural
46128,0.833396896300008,290,2,1766,8,0,0,50,0.105188343994314,rural
46131,0.728451502469431,5753,737,31410,284,193,765,563,0.272197831735508,suburban
46133,0.814685414178476,122,22,813,0,0,0,20,0.0664395229982964,rural
46160,0.771082987964568,733,158,5921,38,87,171,104,0.169270276053927,rural
46163,0.767521713642784,2504,359,12370,0,174,449,95,0.371378708551483,rural
46165,0.873298003416525,227,14,1513,0,0,9,0,0.178775510204082,rural
46181,0.820404234091963,789,123,5089,33,21,76,67,0.262429378531073,rural
46182,0.7673300457952,181,9,1521,5,0,0,0,0.18034188034188,rural
46186,0.82887340921473,225,19,1651,0,0,0,1,0.163430420711974,rural
46208,0.112183778740489,3024,795,9397,11184,293,1113,1093,0.342640177955051,urban
46219,0.395155323935409,5013,1284,24494,7175,452,3744,1075,0.242856593469984,urban
46239,0.552152769142706,5091,1319,22330,3938,966,2383,1034,0.311962713619886,suburban
46241,0.589640838660996,6851,591,20016,4543,281,5975,1126,0.0870883429168845,urban
46280,0.532531666799202,908,266,5927,305,128,240,224,0.484913373564337,suburban
46815,0.592463154905974,4181,1527,22604,2859,852,934,993,0.299719116594151,suburban
46803,0.224722853741378,2292,177,3096,3696,564,1634,435,0.0948059470940336,urban
46804,0.601909787612746,4035,1361,24548,1508,407,921,1203,0.434609448897297,suburban
46808,0.555512915584501,2741,770,16078,1231,285,1545,692,0.154743268628679,urban
46917,0.796976555269933,263,104,1640,3,0,93,45,0.118323746918652,rural
46920,0.801255377394496,171,8,1088,0,0,0,15,0.186528497409326,rural
46928,0.770229720480792,874,16,4021,0,0,157,87,0.126460481099656,rural
46554,0.706208085725932,816,96,4698,8,20,124,28,0.232343614874604,rural
46555,0.77548144977446,274,9,2315,2,22,8,59,0.259767687434002,rural
46574,0.704191519367597,1470,160,8885,0,73,393,85,0.143514259429623,rural
46590,0.798878923014505,621,152,4371,47,50,290,167,0.457315031804486,suburban
46706,0.72460001274256,2989,833,18139,133,41,306,152,0.223021582733813,suburban
46723,0.79274763846813,1472,119,7565,4,25,257,33,0.151713804083162,rural
46730,0.802468808037337,113,4,1001,15,0,2,21,0.169764560099133,rural
46773,0.770163561973309,321,327,3276,0,2,78,36,0.149317406143345,rural
47270,0.792942679830306,163,0,530,0,0,0,0,0.106936416184971,rural
47408,0.255212384608879,2033,398,20770,617,2721,737,959,0.555383990247867,suburban
47421,0.759729118595152,4141,544,26051,103,133,523,607,0.164073261568287,rural
47441,0.775283819203809,1281,189,8747,7,23,264,112,0.154838709677419,rural
47448,0.621819043402405,683,202,7005,33,23,147,53,0.344245696928788,rural
47453,0.785333333333333,130,0,666,0,0,0,17,0.0557851239669422,rural
47454,0.714235013212249,1066,129,6935,23,71,3,14,0.0905630134241635,rural
47519,0.914156564367965,197,24,847,0,0,0,0,0.115094339622642,rural
47524,0.788926288420811,122,0,601,0,0,11,0,0.150510204081633,rural
47558,0.879674277002869,242,598,4598,0,0,34,0,0.0609701824655096,rural
47272,0.779487467992976,422,44,2133,49,0,3,0,0.161428571428571,rural
47282,0.80621768529477,49,14,278,0,0,15,0,0.219512195121951,rural
47331,0.744574350066415,3414,444,21369,550,8,289,175,0.134624014359895,rural
47386,0.71273990600554,111,0,1182,8,0,10,6,0.211578947368421,rural
47353,0.769350297478276,913,21,5275,4,139,39,51,0.185240217929668,rural
47634,0.707507831479482,472,6,2292,3,18,20,25,0.106756756756757,rural
47003,0.745457519336897,76,6,831,0,6,53,0,0.202194357366771,rural
47022,0.828638128439282,606,5,2848,85,0,2,45,0.303682448589192,rural
47030,0.871123263825348,484,94,2038,0,0,0,0,0.111547525530244,rural
47032,0.810224509892328,641,42,3053,0,0,36,27,0.081888246628131,rural
47038,0.737691540298209,441,5,1579,19,0,62,56,0.122586872586873,rural
47114,0.699992112404193,110,5,328,0,0,0,0,0.201058201058201,rural
47564,0.763921831437513,146,45,1201,0,0,23,0,0.210688591983556,rural
47577,0.611638253467794,236,0,1188,0,23,0,0,0.148984198645598,rural
47585,0.736720062410955,289,0,605,56,111,0,28,0.031331592689295,rural
47597,0.804983732077626,133,21,872,0,13,11,8,0.10738255033557,rural
47649,0.787168727781172,158,53,1419,0,0,0,80,0.10594315245478,rural
47714,0.462182665532365,5332,856,24572,5713,348,2060,1754,0.197743124972233,suburban
47715,0.554834374858756,2556,862,21531,3131,240,704,590,0.353632082958574,suburban
47804,0.517479245637598,2056,71,10426,764,73,98,420,0.168448164842241,urban
47838,0.777922434342623,274,63,2881,695,0,131,65,0.081293157564344,rural
47842,0.643659900728907,1597,41,9316,169,13,25,74,0.158467501490757,rural
47876,0.453681710213777,0,0,322,4,9,4,9,0.450261780104712,rural
47909,0.590826554284385,6560,1233,34193,3428,415,4402,853,0.279526422177303,suburban
47922,0.798723200158918,223,29,1341,2,0,206,21,0.0888278388278388,rural
47924,0.715105162523901,12,0,162,0,0,0,0,0.106666666666667,rural
47928,0.719101944295306,358,4,1977,0,22,0,37,0.0764832022873481,rural
47941,0.668016194331984,255,43,1332,5,0,61,7,0.145854145854146,rural
47943,0.739246360575887,228,0,798,0,0,298,0,0.0204081632653061,rural
47946,0.821140808821868,364,6,2040,0,0,120,10,0.13167701863354,rural
47948,0.766999981156113,312,14,1360,0,0,114,11,0.106776180698152,rural
47949,0.846492574835865,299,5,1160,0,0,39,10,0.132198952879581,rural
47957,0.746868825584011,394,5,1757,0,0,149,2,0.0637945318972659,rural
47018,0.816533251368547,684,153,4403,50,13,11,0,0.160068259385666,rural
47041,0.838884788500424,1299,170,6478,0,0,148,0,0.194781826360774,rural
47043,0.713926126981697,727,24,4982,17,41,88,84,0.133926235940361,rural
47102,0.676964114166073,1204,18,6748,0,0,57,148,0.0719470538001708,rural
47116,0.724135209578003,106,0,681,0,0,0,0,0.0132325141776938,rural
47119,0.670604145470382,1699,507,11348,22,90,56,184,0.399096017591009,rural
47124,0.7047714517126,928,116,4999,60,26,22,39,0.321709786276715,rural
47163,0.738063655293118,211,0,1199,11,0,0,0,0.193717277486911,rural
47175,0.713014059346338,302,15,952,0,0,44,37,0.102728731942215,rural
47240,0.787085846951142,3665,637,20686,124,413,467,146,0.221549554452078,rural
47260,0.804736021786713,263,3,1686,0,0,0,19,0.070957095709571,rural
47281,0.80485140167703,205,0,1227,0,10,0,0,0.180851063829787,rural
47302,0.54735375258166,4167,268,22461,2381,68,504,604,0.123217247097844,urban
47304,0.518882387018383,4419,391,28187,1354,1055,858,651,0.380921283970463,suburban
47325,0.797445866547053,68,0,629,0,0,34,0,0.114754098360656,rural
47326,0.836221994491499,492,158,2129,0,0,59,7,0.117543859649123,rural
47340,0.758429022060826,664,100,2813,0,3,19,163,0.207109737248841,rural
47351,0.781641168289291,154,3,443,13,0,40,44,0.111475409836066,rural
47374,0.571245790884699,6515,837,38410,3101,691,1801,1568,0.196447827465906,suburban
47383,0.670695340940295,549,32,2914,2,0,104,113,0.182068965517241,rural
47393,0.809124429931473,239,183,1721,0,12,85,7,0.172987974098057,rural
47406,0.339013805355825,0,0,3473,46,226,164,36,0.591836734693878,suburban
47427,0.832037044482563,61,37,662,0,0,0,0,0.0304761904761905,rural
47436,0.766582364358605,164,23,1303,0,47,13,16,0.188566552901024,rural
47456,0.808632519290822,253,0,1289,0,0,36,27,0.0667408231368187,rural
47459,0.728256517228842,622,126,3578,0,0,5,14,0.148193260251726,rural
47512,0.772916337963228,830,44,3952,26,0,45,72,0.119694072657744,rural
47532,0.643848036258895,624,45,4279,7,14,53,5,0.240205523442518,rural
47541,0.761886561377069,233,2,1181,0,6,9,0,0.266119577960141,rural
47579,0.713544883976178,553,37,2560,25,0,35,16,0.325084364454443,rural
47591,0.695092554943687,3163,441,23025,997,318,557,473,0.183607344293772,suburban
47613,0.770186286362245,729,45,3121,0,0,0,103,0.292052657240371,rural
47631,0.676961061092495,251,82,2182,5,11,17,2,0.211401425178147,rural
47639,0.791528194650138,664,304,4170,7,11,41,14,0.309859154929577,rural
47640,0.778027784148992,188,38,1022,7,0,14,56,0.0926157697121402,rural
47879,0.746753785949545,716,43,3308,7,0,85,192,0.0881711043212571,rural
47882,0.711926658317351,1308,27,7581,0,106,0,44,0.140025004465083,rural
47884,0.656314699792961,22,4,177,0,0,8,0,0.144927536231884,rural
47923,0.707712999114667,479,49,3088,0,12,96,24,0.185581395348837,rural
47942,0.768492951969347,84,17,698,6,0,22,2,0.122377622377622,rural
47950,0.807104436219595,318,0,742,0,0,179,0,0.0416666666666667,rural
47954,0.842088844010802,444,74,2362,13,0,23,35,0.181593576281655,rural
47958,0.848484848484848,23,3,124,0,0,15,1,0.104166666666667,rural
47354,0.784853831725262,161,40,1063,0,12,0,0,0.159362549800797,rural
47358,0.819824459914871,164,21,1029,14,0,0,17,0.165697674418605,rural
47975,0.724741230378634,77,2,650,0,0,4,10,0.276,rural
47977,0.789372874069778,405,38,2217,52,6,24,23,0.181875393329138,rural
47991,0.796074125505926,190,10,959,11,0,5,0,0.1765625,rural
47969,0.890625,19,0,100,0,0,8,1,0.0972222222222222,rural
47995,0.787105696337164,219,96,1601,18,16,20,15,0.215667311411992,rural
47006,0.751286609185296,2011,552,11073,60,215,272,260,0.279181404749874,rural
47031,0.806277858800603,973,77,5345,11,30,30,61,0.181132075471698,rural
47037,0.815493727083945,825,28,4392,5,23,54,79,0.102555592432791,rural
47042,0.808660438637022,702,27,3975,35,7,0,72,0.161719549641761,rural
47108,0.791031248548339,374,91,2284,0,38,12,18,0.0998796630565584,rural
47111,0.689907207035259,3079,529,15382,198,53,747,591,0.196880750021905,suburban
47129,0.546827035613115,2366,388,15851,981,142,2123,587,0.16041562878087,suburban
47160,0.765270768674071,17,0,106,7,0,0,0,0.140625,rural
47230,0.732121026456868,179,53,1341,0,30,50,18,0.172570390554042,rural
47710,0.569873428929581,2577,487,16186,1535,267,360,521,0.158718495113528,suburban
47633,0.755656630411226,235,15,2358,9,0,0,17,0.130148270181219,rural
47654,0.743302999662959,7,0,92,0,0,0,0,0.122448979591837,rural
47666,0.774567083815984,312,110,1711,9,0,49,44,0.139593908629442,rural
47833,0.828674194919829,118,0,761,0,0,0,0,0.237947122861586,rural
47834,0.763239276400558,2916,323,18364,214,62,137,486,0.180863649807749,rural
47850,0.763951811816437,298,24,2120,11,0,85,23,0.167773083886542,rural
47859,0.771743667276864,45,85,1000,0,0,0,27,0.0775444264943457,rural
47863,0.732348111658456,45,0,294,0,0,0,0,0.0441767068273092,rural
47320,0.707919967590719,473,54,3442,11,0,41,154,0.208029197080292,rural
47327,0.770372861507225,836,49,4384,7,0,3,118,0.102336294833827,suburban
47330,0.764894596199695,918,63,4919,44,26,35,172,0.204759269507471,rural
47342,0.715558028728549,333,79,2497,0,6,23,32,0.142532651902328,rural
47346,0.733137336402323,620,34,3871,9,0,8,23,0.16710775047259,rural
47355,0.814205065109606,415,37,2586,34,11,42,79,0.0998980632008155,rural
47357,0.776384476882103,176,14,812,0,0,3,7,0.165714285714286,rural
46759,0.852976240326721,107,26,423,0,0,0,85,0.0988700564971751,rural
46764,0.809929569700039,213,10,1255,11,16,50,53,0.207094918504314,rural
46777,0.793237878400123,1119,166,6061,0,14,247,171,0.2139234670355,rural
46781,0.828926809107637,90,0,709,0,1,6,12,0.0822179732313576,rural
46783,0.733163643242412,1111,340,6180,22,27,325,97,0.355695632597929,rural
46784,0.779233236102746,309,36,2041,3,0,89,26,0.123595505617978,rural
46794,0.81630180324138,248,47,1628,2,0,62,17,0.103476151980598,rural
46818,0.692386429175141,3614,609,17924,575,505,1111,737,0.235670147027488,suburban
46913,0.806009962190424,119,48,1048,0,0,0,0,0.170984455958549,rural
46958,0.807692307692308,55,0,458,0,0,0,0,0.031413612565445,rural
46985,0.745517465660273,238,27,1427,0,0,11,0,0.119595216191352,rural
46987,0.811142992739533,171,3,780,0,0,104,0,0.167168674698795,rural
46988,0.833031347275516,219,0,938,0,0,0,29,0.118589743589744,rural
46990,0.848727631032251,159,21,710,0,0,0,31,0.241176470588235,rural
46991,0.810848800636801,296,7,1555,0,0,49,10,0.245971162001696,rural
46992,0.773210812060268,2248,247,15583,106,89,242,240,0.160927496106593,rural
46996,0.725523690299097,1088,179,5706,24,75,195,159,0.152158693115519,rural
46201,0.322169298069325,5701,507,17049,8009,183,4247,1474,0.171762893051476,urban
46225,0.448808335133635,551,98,4097,634,48,614,184,0.207389162561576,urban
46234,0.52444040283376,5279,1092,19809,3597,589,1984,885,0.382509592806827,suburban
46250,0.394294041842853,1902,648,13169,3000,583,1095,555,0.578567173071195,suburban
46303,0.664092131055048,2489,320,13796,26,56,739,148,0.205197944998489,suburban
46327,0.251329523814254,2351,249,3029,1257,35,7070,75,0.0761904761904762,suburban
46340,0.676486922283119,157,7,742,0,0,0,0,0.150943396226415,rural
46341,0.651192935284081,2134,118,9347,14,33,842,121,0.166274625110262,rural
46346,0.589152853190623,257,10,1080,58,11,42,17,0.0315068493150685,rural
46350,0.577780511736958,7084,677,36751,1081,233,3882,816,0.203379458062761,rural
46360,0.385501939846663,5664,1243,29837,9428,338,2181,1894,0.182816011464678,suburban
46365,0.670716113731927,54,0,703,0,0,52,0,0.0919732441471572,rural
46229,0.342169997141849,5682,409,12446,13429,272,2000,621,0.184912409911095,suburban
46235,0.173910726708517,7954,715,8700,18467,233,4553,1110,0.138840807762916,urban
46381,0.739868343540774,0,0,176,0,0,0,0,0,rural
46311,0.569427821548209,3232,434,17282,785,707,2358,500,0.31432241490045,suburban
46321,0.473895285790133,3206,773,17621,873,858,2882,455,0.453732090345993,suburban
46379,0.740406320541761,0,0,81,0,0,0,0,0,rural
46382,0.703051086484409,299,87,1676,0,23,14,0,0.199840127897682,rural
46390,0.690255731846533,603,43,3128,37,0,147,15,0.173521850899743,rural
46392,0.72445513215118,1345,105,7136,37,32,382,147,0.126582278481013,rural
46405,0.46976600605982,2262,182,6858,591,56,2915,435,0.106604703562878,suburban
46508,0.823809523809524,17,0,107,0,0,6,0,0.0116279069767442,rural
46524,0.848764483102828,261,95,2053,0,0,62,9,0.0915032679738562,rural
46534,0.714099846316106,2329,187,11075,13,13,510,75,0.116434827408552,rural
46562,0.811234809494304,813,232,4420,8,51,385,146,0.159846923756256,rural
46563,0.678769224209421,4234,546,19803,177,142,2956,586,0.21222696135453,rural
46615,0.371646735630677,2108,684,9044,2121,548,1221,785,0.310379689957313,urban
46506,0.766936059644117,1174,434,8078,0,0,1572,50,0.1796480489671,rural
46507,0.764589090021185,1779,313,7708,28,38,1241,419,0.286665556850341,rural
46517,0.608279410657181,5299,382,16511,2744,167,6133,913,0.151132744426417,suburban
46628,0.35808972210678,4012,1164,14549,8228,285,2471,863,0.234280889389249,urban
46710,0.767456297807544,633,48,4118,0,8,24,141,0.199866533199867,rural
46051,0.705401560620563,550,11,2638,41,0,121,17,0.25875486381323,rural
46064,0.701735152513084,3055,398,14646,1417,30,611,464,0.268514687629293,suburban
46074,0.603346095184118,7559,1352,27168,1402,3310,2071,804,0.605199516324063,suburban
46124,0.798562620949561,1529,161,7253,269,0,1075,352,0.130379545815468,rural
46155,0.848,69,0,162,0,0,0,0,0,rural
46161,0.800194185683996,412,36,2426,58,0,0,85,0.151805869074492,rural
46164,0.797086402133008,589,48,3992,12,25,46,91,0.239721485411141,rural
46167,0.779134885608484,1266,231,6591,149,49,129,148,0.400840336134454,rural
46375,0.530913878376778,3379,695,18710,889,737,2769,493,0.34919311617936,suburban
46403,0.0811070297948125,1639,307,2830,8306,68,1628,603,0.22284003421728,suburban
46504,0.827510925183234,791,80,3436,53,15,95,136,0.151022110972048,rural
46539,0.847025004747587,550,27,2709,17,0,57,19,0.13231273920175,rural
46552,0.648167249845634,1409,58,6702,20,45,113,27,0.217088607594937,suburban
46561,0.692869779271829,2674,606,12267,266,153,391,538,0.232867293146917,suburban
46345,0.638326516911472,21,1,97,0,0,73,0,0.0645161290322581,rural
46738,0.714630202011223,1597,151,7994,78,15,336,126,0.14186295503212,suburban
46745,0.825366281449969,276,66,2083,0,0,35,28,0.248125426039536,rural
46755,0.714693678205202,3001,195,13800,142,222,712,221,0.140536723163842,suburban
46772,0.862725757393531,488,297,3018,12,4,41,12,0.124914207275223,rural
46779,0.746373883545386,434,65,2104,3,5,9,23,0.124450951683748,rural
46725,0.761963883304229,3151,714,22289,113,62,366,456,0.225508654722138,rural
46733,0.73384334150091,3130,747,17384,117,33,1354,55,0.152156862745098,rural
46750,0.756294023951282,4353,361,25178,318,185,563,255,0.202135943931472,urban
46763,0.788256081557087,184,202,1778,0,0,103,0,0.333070866141732,rural
46770,0.797671679410404,466,38,2998,7,8,14,30,0.165504416550442,rural
46785,0.835858844056766,243,87,1568,0,1,97,20,0.207655502392345,rural
46805,0.472420767119623,2858,971,15982,2420,1262,1244,796,0.283137962128043,urban
46058,0.729092838032586,370,106,2436,12,13,42,13,0.198237885462555,rural
46063,0.77326968973747,120,13,527,0,0,38,0,0.108635097493036,rural
46732,0.764370632705738,538,43,2540,11,7,614,72,0.158291457286432,rural
46741,0.839173451250804,586,334,4471,7,6,51,18,0.156498673740053,rural
46742,0.771516118338384,371,271,3208,4,9,11,58,0.218401071907101,rural
46743,0.809214041440452,164,242,1992,9,0,18,31,0.199551569506726,rural
46765,0.828158380273479,985,281,5346,3,23,164,32,0.351043643263757,rural
46799,0.77683615819209,30,7,196,0,0,31,0,0.0649350649350649,rural
46814,0.650665146285094,2306,965,10543,580,992,229,305,0.638449462625287,suburban
46347,0.704998528863417,1006,119,4503,4,0,273,53,0.241410763149894,rural
46371,0.671845622358838,354,132,3045,5,0,196,0,0.26041209995616,rural
46069,0.789046077214308,1129,133,7022,0,52,59,87,0.203493265993266,suburban
46016,0.426851945352188,3019,361,11853,3703,93,1758,639,0.0949484710255111,urban
46307,0.561299402256415,10259,1277,51475,2592,1002,6501,1209,0.311102993219023,suburban
46816,0.324733108385486,3513,824,6568,5955,2974,2315,1243,0.113054016620499,urban
46825,0.597864411988974,3128,1266,22717,2289,1741,2043,717,0.323066359311393,suburban
46911,0.83660589522056,243,30,1403,2,1,29,48,0.219095477386935,rural
46926,0.82737044403139,160,5,1208,10,0,14,61,0.144016227180527,rural
46960,0.711581075902006,140,0,976,0,6,72,8,0.0814639905548996,rural
46017,0.670498276376428,706,186,5341,231,15,188,39,0.196303696303696,rural
46032,0.544033059398127,8680,2511,41285,1455,4808,2216,1787,0.697231631818713,suburban
46038,0.553485769640076,8637,1197,35083,2700,3166,1424,1008,0.606106106106106,suburban
46039,0.800111198557107,45,13,508,0,0,0,0,0.16743119266055,rural
46068,0.804686033525273,615,14,2767,4,20,56,25,0.274519716885743,suburban
46072,0.758405635189794,1191,181,8170,12,18,162,230,0.234601305109024,suburban
46103,0.84406779661017,47,0,156,1,0,0,5,0.149532710280374,rural
46104,0.785366522710639,111,0,910,0,0,0,0,0.0668563300142248,rural
46105,0.804743316962583,299,14,1771,0,0,23,0,0.105355575065847,rural
46118,0.812790994425285,769,252,4657,189,35,50,137,0.217354196301565,rural
46122,0.784982300739455,2830,674,14877,591,462,235,135,0.302739726027397,suburban
46123,0.652004114184985,6882,1282,29241,2511,1319,2398,1147,0.442400368771739,suburban
46140,0.748514094597928,6359,471,38622,137,412,677,444,0.256842331222497,suburban
46162,0.816402754696184,37,0,276,0,0,0,38,0.0836820083682008,rural
46175,0.849741275573437,146,1,618,0,0,28,0,0.116279069767442,rural
46204,0.238840629047378,198,0,5384,2015,439,335,183,0.518674001158078,urban
46214,0.367419694726784,4088,489,11284,8476,514,3108,1167,0.241932509680988,suburban
46216,0.33646399697835,195,19,1339,724,12,122,127,0.492089470812875,suburban
46237,0.644294927286451,5805,1460,31892,1694,2365,2367,851,0.354328922495274,suburban
46256,0.486082263985785,2635,975,18657,2880,665,1124,511,0.564489700374532,suburban
46304,0.513864774451606,4111,654,21617,387,523,2374,450,0.329470483621135,suburban
46322,0.479824964792996,3318,360,16966,1113,564,3482,456,0.286978661493695,suburban
46929,0.796064648565058,565,24,2906,163,0,15,4,0.122272957889396,rural
46932,0.773223652289577,435,66,2910,21,0,65,61,0.152718676122931,rural
46943,0.760752688172043,90,4,195,0,0,4,26,0.308641975308642,rural
46974,0.831893252831853,437,149,1940,55,6,2,76,0.227554179566563,rural
46979,0.784715255300884,1160,99,4784,3,8,48,97,0.294046539740103,rural
46301,0.3828125,19,9,485,9,4,18,0,0.740425531914894,rural
46323,0.327354014812202,3866,489,9429,3980,651,7498,637,0.15393172495307,urban
46348,0.691157979891062,161,8,996,6,0,17,12,0.0998650472334683,rural
46406,0.170062800576716,1585,102,2068,5666,22,1165,121,0.11390456644433,urban
46410,0.240906663633448,6977,841,13573,16378,659,5727,1476,0.245398049087476,suburban
46516,0.505094074830426,6080,571,19097,4567,210,6516,939,0.137192503914735,suburban
46537,0.735945485519591,52,5,397,0,0,28,0,0.0320512820512821,rural
46538,0.810461359639467,616,157,4026,0,35,55,53,0.313953488372093,rural
46795,0.780426108959309,782,238,6416,17,0,102,116,0.151217428449381,rural
46802,0.336567069081997,1232,156,6025,1927,248,1737,647,0.237445491630328,urban
46809,0.614559932160355,1387,349,6967,1158,6,716,365,0.145225667792447,suburban
46933,0.730058835061764,1244,31,5543,105,130,219,129,0.137990196078431,suburban
46939,0.764281376336149,200,0,1738,6,0,14,61,0.112326768781911,rural
46941,0.836287901560957,174,9,925,0,0,21,24,0.21216848673947,rural
46946,0.801223241590214,0,0,34,0,0,0,0,0,rural
46107,0.622013662855487,1972,244,11870,328,120,609,154,0.169397116644823,suburban
46142,0.698057461328086,4578,825,26979,539,387,1273,518,0.384452540370225,suburban
46144,0.803001859187892,7,0,110,0,0,0,23,0.325396825396825,rural
46150,0.800590478727787,229,16,1068,0,17,29,33,0.157125456760049,rural
46168,0.674118987077511,5974,367,29561,2743,1008,1272,834,0.335757976525045,suburban
46172,0.829477061302882,554,8,2529,0,0,9,24,0.185625353706848,rural
46203,0.463688806703164,7165,531,27024,6120,357,3834,1246,0.179087571283493,urban
46222,0.236454523160736,7869,907,10122,14848,409,10802,1704,0.0873831995116683,urban
46224,0.33004377690882,6363,628,11802,13408,617,10223,1024,0.202305939133932,urban
46226,0.198110816374059,8860,836,12667,24113,218,6409,2245,0.193909448421902,suburban
46228,0.167709216698314,2449,1181,6125,7375,955,973,1002,0.457201916752795,suburban
46231,0.423806191506633,2457,108,5153,2697,787,1202,438,0.161795721602892,suburban
46254,0.139760230276917,7844,848,9075,22181,1101,6283,1636,0.307839540633224,suburban
46260,0.236822506609764,5486,1212,16296,10895,1228,4433,1593,0.470378141881334,suburban
46278,0.360478083981565,877,711,5070,2382,289,809,309,0.56787293270018,suburban
46031,0.782746242611901,534,9,2486,4,5,44,7,0.210585585585586,rural
46034,0.760899319860481,1121,27,6464,88,15,52,30,0.301428571428571,rural
46047,0.817843866171004,0,0,56,0,0,0,0,0,suburban
46050,0.782393012256939,393,78,1973,13,10,76,55,0.208363374188897,rural
46076,0.815431764827452,150,15,1243,0,0,187,10,0.142259414225941,suburban
46112,0.672135042955701,7431,1072,32477,2586,948,1145,663,0.408287509819324,suburban
46113,0.690969921881554,3427,249,13608,1261,65,549,22,0.22488234090444,rural
46120,0.811609847263087,816,26,5180,0,6,27,119,0.115414608786067,rural
46166,0.862811292113461,423,36,2069,0,0,18,80,0.110376734963648,rural
46173,0.747965185855147,1592,90,9351,271,2,172,109,0.145345516847516,rural
46176,0.713750276091186,5100,308,24975,419,250,1730,363,0.173799582463466,suburban
46184,0.761950160099589,2428,409,12868,331,92,474,277,0.280370809528943,suburban
46218,0.111556207763432,5264,341,5014,20972,85,2349,498,0.0827246827246827,urban
46220,0.321071408002232,3282,1994,29242,4283,574,1323,1163,0.637547496956506,urban
46614,0.532625178135095,3528,2005,24717,3237,144,1977,960,0.28897408656289,suburban
46617,0.257594037005686,1390,704,6737,1822,141,670,319,0.552549598294803,urban
46635,0.448965413542047,493,500,5302,610,206,181,64,0.403423499577346,suburban
46737,0.725696060793919,1181,51,6923,6,48,293,59,0.217320849837955,rural
46573,0.815313881049658,628,73,3611,25,72,60,44,0.226114649681529,rural
46637,0.477118018416145,1258,756,12312,1707,464,632,975,0.357826576576577,suburban
46320,0.144818545232644,2668,287,2165,6577,36,4557,226,0.0889683959451401,urban
46536,0.732230514355766,405,68,3018,5,78,23,85,0.196843489697501,rural
46914,0.812291736880798,184,22,1609,67,32,17,4,0.141860465116279,rural
46052,0.743312321493901,3446,328,21319,148,67,626,283,0.301762114537445,suburban
46147,0.820985807824458,597,70,3171,0,7,8,23,0.295049504950495,rural
46060,0.631961726924252,7998,1325,35221,2337,656,1854,1393,0.427649589362534,suburban
46580,0.758370875053647,3938,481,18412,376,276,2210,739,0.258057907675499,rural
46501,0.766429832910675,683,188,3520,10,9,74,0,0.143972246313964,rural
46746,0.74472161028317,896,0,3785,43,6,759,47,0.174771480804388,rural
46994,0.759369348213038,429,72,2616,0,26,164,9,0.179945799457995,rural
46049,0.775359189645387,128,0,1049,0,0,2,31,0.28290282902829,rural
46135,0.694757968492484,2581,214,17794,943,920,604,201,0.173883524441762,rural
46236,0.486914902526929,4302,1366,20221,4717,382,1900,1485,0.509754979369365,suburban
46319,0.427954305165205,2287,416,11610,2558,274,2628,443,0.201062525541479,suburban
46221,0.646554646627586,5442,175,21065,2336,152,2312,849,0.116515510369129,suburban
46227,0.591854978429589,7177,1191,37464,3761,8313,3436,1902,0.213921152095346,suburban
46268,0.231807416049362,3677,570,10091,11017,262,3357,716,0.383860289921242,suburban
46324,0.312197870745809,4075,934,9300,4797,90,7081,552,0.181257175660161,suburban
46959,0.811728395061729,114,0,838,0,0,0,0,0.0638606676342525,rural
46961,0.753623188405797,40,0,169,0,0,0,0,0.0465116279069768,rural
46962,0.669019104161542,1284,36,8073,148,0,522,101,0.218388879584659,rural
46978,0.803785752552902,428,99,2055,3,0,55,22,0.175091575091575,rural
47431,0.774533038510513,153,42,1490,0,0,52,42,0.104385964912281,rural
47446,0.758203055755108,1814,140,10035,77,31,172,78,0.139603542808941,rural
47455,0.852941176470588,18,0,58,0,0,0,18,0,rural
47513,0.719041282632968,409,8,2196,0,15,5,6,0.0848527349228612,rural
47529,0.844446253188324,247,5,1152,8,0,5,8,0.105548037889039,rural
47531,0.687722977571328,183,0,945,0,0,0,0,0.158555729984301,rural
47720,0.680783218491936,2233,1067,17112,134,108,103,306,0.327520305781175,rural
47803,0.53839859819341,2341,479,18396,1158,433,433,519,0.340389437970202,suburban
47807,0.404867816794612,1851,47,8562,1789,292,421,822,0.147250698974837,urban
47424,0.767072337447182,1242,159,8796,62,14,62,31,0.173117629271243,rural
47449,0.759116403630033,32,2,248,0,0,0,152,0.0255591054313099,rural
47468,0.511874675250019,221,58,1479,0,0,31,0,0.369369369369369,rural
47514,0.677865612648221,14,0,1127,385,0,38,6,0.0432900432900433,rural
47515,0.691557631071035,205,8,874,0,6,0,0,0.137870855148342,rural
47521,0.727416798732171,262,0,692,0,0,0,0,0.442970822281167,rural
47523,0.683006668540726,729,0,2949,0,0,377,20,0.138082673702727,rural
47551,0.630978619027775,200,34,914,0,0,0,0,0.32597623089983,rural
47557,0.806098422565039,355,22,1563,0,0,20,3,0.141164856860809,rural
47567,0.787480794294392,1184,17,5971,53,0,42,50,0.152027027027027,rural
47575,0.739794528005094,104,0,955,0,0,0,0,0.214824120603015,rural
47620,0.674961296211108,2036,607,12313,332,28,261,195,0.225542275343072,rural
47660,0.723478808721413,827,57,4690,39,27,90,22,0.20320197044335,rural
47017,0.823176261976152,70,0,458,0,0,0,23,0.0552631578947368,rural
47024,0.874536193791529,827,115,3533,25,0,51,99,0.0586605080831409,rural
47035,0.859567901234568,15,0,246,0,0,0,0,0,rural
47117,0.760635909853947,755,175,4356,92,49,11,23,0.131955484896661,rural
47125,0.752105304897922,207,109,1526,0,0,28,0,0.158366533864542,rural
47165,0.77592492111756,1087,114,5821,0,7,147,59,0.161950770646423,rural
47201,0.667149735373262,6948,1623,35141,852,4498,3431,909,0.35399598591781,rural
47001,0.758595471630251,1146,92,9559,37,66,52,295,0.161030383091149,rural
47010,0.766750158673148,0,0,220,0,0,0,0,0,rural
47011,0.761988121957505,103,60,747,0,0,41,0,0.0648148148148148,rural
47012,0.815289093025231,1075,285,9064,8,168,98,58,0.222043325526932,rural
47016,0.85258337709695,113,56,793,0,0,3,0,0.169491525423729,rural
47023,0.813956855852292,263,90,1645,0,0,13,7,0.163669064748201,rural
47115,0.703932145501048,528,81,2779,0,2,127,117,0.188528678304239,rural
47130,0.507349453011532,6612,1237,35049,6127,834,2307,2328,0.224163784925177,suburban
47140,0.666133229138969,441,3,2428,27,0,29,75,0.0776589758019133,rural
47162,0.775275448746381,109,0,801,0,0,0,0,0.181328545780969,rural
47226,0.774445893089961,23,0,226,24,3,7,0,0.055,rural
47220,0.808847937955808,795,259,5426,25,24,63,133,0.172448466566114,rural
47231,0.779361905537395,120,95,798,34,0,18,8,0.116071428571429,rural
47235,0.805934074417424,465,28,1452,36,0,0,0,0.184581976112921,rural
47265,0.752740980964433,3237,301,18996,395,63,653,237,0.122903412377097,rural
47273,0.813017755264665,375,58,2200,0,0,10,0,0.18956043956044,rural
47344,0.781641168289291,37,0,123,0,0,0,1,0.0579710144927536,rural
47361,0.799628942486085,51,0,205,0,0,9,1,0.15,rural
47390,0.727564126959979,867,23,4156,0,0,666,138,0.102399063779988,rural
47955,0.812891787156281,167,0,940,11,0,52,13,0.158518518518519,rural
47980,0.756545739388705,140,12,980,0,6,7,12,0.211413748378729,rural
47338,0.722290192544312,529,26,2711,11,0,34,33,0.107692307692308,rural
47341,0.791817577631485,510,20,2347,0,1,6,28,0.0947176684881603,rural
47348,0.72635387081552,1340,150,8826,4,0,167,162,0.15430174563591,rural
47360,0.757369087363529,158,25,1138,8,0,105,8,0.148606811145511,rural
47832,0.784577322774835,163,1,1040,0,0,0,19,0.210462287104623,rural
