zcta,downloadDate,population,fullyVaxxed,pctFullyVaxxed
46001,2021-09-02,9993,4245,0.424797358150706
46011,2021-09-02,17069,8318,0.487316187240026
46012,2021-09-02,19806,8823,0.445471069372917
46013,2021-09-02,17136,8323,0.485702614379085
46016,2021-09-02,18046,5308,0.294137204920758
46017,2021-09-02,5814,2681,0.461128310973512
46030,2021-09-02,2978,1328,0.445936870382807
46031,2021-09-02,2546,954,0.374705420267086
46032,2021-09-02,51551,35011,0.679152683750073
46033,2021-09-02,38942,27429,0.704355194905244
46034,2021-09-02,6649,3752,0.564295382764326
46035,2021-09-02,1229,426,0.346623270951993
46036,2021-09-02,11678,4472,0.38294228463778
46037,2021-09-02,41890,30112,0.718835044163285
46038,2021-09-02,43381,26806,0.617920287683548
46039,2021-09-02,508,231,0.454724409448819
46040,2021-09-02,12474,8953,0.717732884399551
46041,2021-09-02,22247,8896,0.399874140333528
46044,2021-09-02,3147,1225,0.389259612329202
46045,2021-09-02,39,0,0
46047,2021-09-02,56,0,0
46048,2021-09-02,2117,704,0.332546055739254
46049,2021-09-02,1082,311,0.287430683918669
46050,2021-09-02,2127,645,0.303244005641749
46051,2021-09-02,2817,1239,0.439829605963791
46052,2021-09-02,22443,10708,0.477119814641536
46055,2021-09-02,12638,8541,0.675818958695996
46056,2021-09-02,2238,1004,0.448614834673816
46057,2021-09-02,1269,340,0.267927501970055
46058,2021-09-02,2516,1027,0.40818759936407
46060,2021-09-02,41461,24005,0.578977834591544
46062,2021-09-02,35349,22697,0.642083227248296
46063,2021-09-02,565,106,0.187610619469027
46064,2021-09-02,17168,9576,0.557781919850885
46065,2021-09-02,3444,1336,0.387921022067364
46068,2021-09-02,2872,1018,0.354456824512535
46069,2021-09-02,7220,3064,0.424376731301939
46070,2021-09-02,2336,855,0.366010273972603
46071,2021-09-02,3148,1353,0.429796696315121
46072,2021-09-02,8592,4017,0.467527932960894
46074,2021-09-02,34755,26922,0.774622356495468
46075,2021-09-02,6614,4440,0.671303296038706
46076,2021-09-02,1440,499,0.346527777777778
46077,2021-09-02,29296,23214,0.792394866193337
46103,2021-09-02,162,98,0.604938271604938
46104,2021-09-02,910,377,0.414285714285714
46105,2021-09-02,1794,665,0.370680044593088
46106,2021-09-02,6855,4269,0.622757111597374
46107,2021-09-02,13081,5699,0.435670055806131
46110,2021-09-02,583,219,0.375643224699828
46111,2021-09-02,196,106,0.540816326530612
46112,2021-09-02,37819,23200,0.613448266744229
46113,2021-09-02,15505,6384,0.411738148984199
46115,2021-09-02,1967,738,0.375190645653279
46117,2021-09-02,828,248,0.29951690821256
46118,2021-09-02,5068,2029,0.400355169692186
46120,2021-09-02,5332,2111,0.395911477869467
46121,2021-09-02,5545,2076,0.37439134355275
46122,2021-09-02,16300,7891,0.484110429447853
46123,2021-09-02,36616,23444,0.640266550142014
46124,2021-09-02,8949,3162,0.353335568219913
46125,2021-09-02,55,0,0
46126,2021-09-02,4956,1929,0.389225181598063
46127,2021-09-02,287,151,0.526132404181185
46128,2021-09-02,1824,774,0.424342105263158
46130,2021-09-02,2669,1052,0.394155114275009
46131,2021-09-02,33215,14766,0.444558181544483
46133,2021-09-02,833,273,0.327731092436975
46135,2021-09-02,20462,8185,0.400009774215619
46140,2021-09-02,40292,20370,0.505559416261293
46142,2021-09-02,29696,16920,0.569773706896552
46143,2021-09-02,57211,32064,0.560451661393788
46144,2021-09-02,133,63,0.473684210526316
46146,2021-09-02,416,69,0.165865384615385
46147,2021-09-02,3209,1154,0.359613586787161
46148,2021-09-02,5555,1981,0.356615661566157
46149,2021-09-02,2153,839,0.389688806316767
46150,2021-09-02,1147,325,0.283347863993025
46151,2021-09-02,31589,12744,0.403431574282187
46155,2021-09-02,162,47,0.290123456790123
46156,2021-09-02,1253,460,0.367118914604948
46157,2021-09-02,4103,1512,0.368510845722642
46158,2021-09-02,23152,10552,0.455770559778853
46160,2021-09-02,6321,2367,0.374466065495966
46161,2021-09-02,2569,1015,0.395095367847411
46162,2021-09-02,314,236,0.751592356687898
46163,2021-09-02,13088,7506,0.573502444987775
46164,2021-09-02,4166,1791,0.429908785405665
46165,2021-09-02,1522,599,0.393561103810775
46166,2021-09-02,2167,621,0.286571296723581
46167,2021-09-02,7066,3521,0.498301726577979
46168,2021-09-02,35418,20046,0.565983398272065
46171,2021-09-02,1762,658,0.373439273552781
46172,2021-09-02,2562,812,0.316939890710383
46173,2021-09-02,9905,4159,0.419888944977284
46175,2021-09-02,646,166,0.256965944272446
46176,2021-09-02,27737,12520,0.4513826297004
46180,2021-09-02,976,361,0.369877049180328
46181,2021-09-02,5286,2089,0.395194854332198
46182,2021-09-02,1526,778,0.509829619921363
46183,2021-09-02,15,0,0
46184,2021-09-02,14042,5467,0.389332003988036
46186,2021-09-02,1652,630,0.38135593220339
46201,2021-09-02,30962,12139,0.392061236354241
46202,2021-09-02,20504,12306,0.600175575497464
46203,2021-09-02,38581,15117,0.391824991576164
46204,2021-09-02,8356,5461,0.653542364767831
46205,2021-09-02,27580,14580,0.5286439448876
46208,2021-09-02,23080,10356,0.448700173310225
46214,2021-09-02,24549,11296,0.460140942604587
46216,2021-09-02,2324,1451,0.624354561101549
46217,2021-09-02,36843,18200,0.493988003148495
46218,2021-09-02,28918,9910,0.342693132305139
46219,2021-09-02,36940,16837,0.455793178126692
46220,2021-09-02,36585,24195,0.661336613366134
46221,2021-09-02,26714,9947,0.372351575952684
46222,2021-09-02,37885,13047,0.344384320971361
46224,2021-09-02,37074,15565,0.419836003668339
46225,2021-09-02,5577,2624,0.47050385511924
46226,2021-09-02,45652,16512,0.361692806448787
46227,2021-09-02,54876,26719,0.486897733070924
46228,2021-09-02,16430,9040,0.550213024954352
46229,2021-09-02,28768,11759,0.408752780867631
46231,2021-09-02,10277,5336,0.519217670526418
46234,2021-09-02,26864,14337,0.53368820726623
46235,2021-09-02,33063,11365,0.343737712851223
46236,2021-09-02,28705,16312,0.568263368751089
46237,2021-09-02,39169,23159,0.591258393117006
46239,2021-09-02,30651,15422,0.503148347525366
46240,2021-09-02,19785,12863,0.650138994187516
46241,2021-09-02,31941,11169,0.34967596506058
46250,2021-09-02,18402,11218,0.609607651342245
46254,2021-09-02,40276,17046,0.42322971496673
46256,2021-09-02,23837,14150,0.593614968326551
46259,2021-09-02,10999,7620,0.692790253659424
46260,2021-09-02,34445,18307,0.531484976048773
46268,2021-09-02,25443,14065,0.552804307668121
46278,2021-09-02,8859,6033,0.681002370470708
46280,2021-09-02,6824,4641,0.680099648300117
46290,2021-09-02,187,151,0.807486631016043
46301,2021-09-02,516,506,0.98062015503876
46303,2021-09-02,14765,6788,0.459735861835422
46304,2021-09-02,25351,14011,0.552680367638358
46307,2021-09-02,62779,34319,0.546663693273228
46310,2021-09-02,13832,5275,0.381362058993638
46311,2021-09-02,21632,11154,0.515625
46312,2021-09-02,28201,9143,0.324208361405624
46319,2021-09-02,17513,7654,0.437046765260093
46320,2021-09-02,13561,4876,0.359560504387582
46321,2021-09-02,22689,13787,0.607651284763542
46322,2021-09-02,22581,11561,0.511979097471325
46323,2021-09-02,22195,8420,0.379364721784186
46324,2021-09-02,21820,8262,0.378643446379468
46327,2021-09-02,11466,3995,0.348421419849991
46340,2021-09-02,742,461,0.621293800539084
46341,2021-09-02,10357,4290,0.414212609829101
46342,2021-09-02,30874,13881,0.449601606529766
46345,2021-09-02,170,86,0.505882352941176
46346,2021-09-02,1208,418,0.346026490066225
46347,2021-09-02,4833,1939,0.401200082764329
46348,2021-09-02,1031,414,0.401551891367604
46349,2021-09-02,3251,969,0.298062134727776
46350,2021-09-02,42763,19545,0.45705399527629
46356,2021-09-02,17720,7638,0.431038374717833
46360,2021-09-02,43678,20261,0.463871972159897
46365,2021-09-02,755,404,0.535099337748344
46366,2021-09-02,5610,1877,0.33458110516934
46368,2021-09-02,38661,17672,0.457101471767414
46371,2021-09-02,3246,1493,0.459950708564387
46373,2021-09-02,16083,8992,0.559099670459491
46374,2021-09-02,873,361,0.413516609392898
46375,2021-09-02,23598,12842,0.544198660903466
46376,2021-09-02,243,113,0.465020576131687
46377,2021-09-02,332,123,0.370481927710843
46379,2021-09-02,81,0,0
46381,2021-09-02,176,71,0.403409090909091
46382,2021-09-02,1713,869,0.507297139521308
46383,2021-09-02,42245,21255,0.503136465853947
46385,2021-09-02,39398,21606,0.548403472257475
46390,2021-09-02,3327,1222,0.367297865945296
46391,2021-09-02,9528,3931,0.412573467674223
46392,2021-09-02,7734,2721,0.351823118696664
46393,2021-09-02,296,131,0.442567567567568
46394,2021-09-02,12319,5320,0.43185323484049
46402,2021-09-02,6295,1504,0.238919777601271
46403,2021-09-02,13435,4414,0.328544845552661
46404,2021-09-02,17894,5079,0.283838158041802
46405,2021-09-02,10855,3948,0.363703362505758
46406,2021-09-02,9042,2526,0.27936297279363
46407,2021-09-02,10905,2938,0.269417698303531
46408,2021-09-02,15526,4841,0.31179956202499
46409,2021-09-02,7205,1982,0.275086745315753
46410,2021-09-02,37813,16848,0.445561050432391
46501,2021-09-02,3613,1172,0.324384168281207
46502,2021-09-02,58,0,0
46504,2021-09-02,3735,999,0.267469879518072
46506,2021-09-02,9700,3377,0.348144329896907
46507,2021-09-02,9434,3443,0.364956540173839
46508,2021-09-02,113,52,0.460176991150443
46510,2021-09-02,3924,874,0.222731906218145
46511,2021-09-02,4308,2194,0.509285051067781
46514,2021-09-02,41616,17266,0.414888504421376
46516,2021-09-02,31329,12093,0.386000191515848
46517,2021-09-02,26468,8773,0.331456853559015
46524,2021-09-02,2124,403,0.189736346516008
46526,2021-09-02,33117,14272,0.43095691034816
46528,2021-09-02,27001,8749,0.324025036109774
46530,2021-09-02,31843,19561,0.614295135508589
46531,2021-09-02,1579,410,0.25965801139962
46532,2021-09-02,1531,606,0.395819725669497
46534,2021-09-02,11686,3727,0.318928632551771
46536,2021-09-02,3209,1263,0.393580554689935
46537,2021-09-02,425,167,0.392941176470588
46538,2021-09-02,4169,1653,0.396497961141761
46539,2021-09-02,2802,636,0.226980728051392
46540,2021-09-02,11881,2995,0.252083157983335
46542,2021-09-02,4142,1240,0.299372283920811
46543,2021-09-02,3553,533,0.150014072614692
46544,2021-09-02,31988,14084,0.440290108790797
46545,2021-09-02,24685,12597,0.510309904800486
46550,2021-09-02,12624,2660,0.210709759188847
46552,2021-09-02,6907,2967,0.429564210221514
46553,2021-09-02,3240,949,0.292901234567901
46554,2021-09-02,4878,1781,0.365108651086511
46555,2021-09-02,2406,1002,0.41645885286783
46556,2021-09-02,7301,6101,0.835638953568004
46561,2021-09-02,13615,6157,0.452221814175542
46562,2021-09-02,5010,1450,0.289421157684631
46563,2021-09-02,23664,9200,0.388776200135227
46565,2021-09-02,8642,909,0.105183985188614
46567,2021-09-02,9162,3495,0.381466928618206
46570,2021-09-02,833,301,0.361344537815126
46571,2021-09-02,5682,517,0.0909890883491728
46573,2021-09-02,3812,1186,0.31112277019937
46574,2021-09-02,9436,2903,0.307651547265791
46580,2021-09-02,22013,8579,0.389724253849998
46582,2021-09-02,13459,5449,0.404859202020953
46590,2021-09-02,4925,1799,0.365279187817259
46595,2021-09-02,133,0,0
46601,2021-09-02,5714,2480,0.434021701085054
46613,2021-09-02,11327,3630,0.320473205614902
46614,2021-09-02,31035,15153,0.488255195746738
46615,2021-09-02,13719,6707,0.488884029448211
46616,2021-09-02,5457,2786,0.510536925050394
46617,2021-09-02,9689,6692,0.690680152750542
46619,2021-09-02,21471,8634,0.402123794886125
46628,2021-09-02,26396,11542,0.437263221700258
46635,2021-09-02,6363,3611,0.567499607103568
46637,2021-09-02,16090,9253,0.575077688004972
46701,2021-09-02,8102,2687,0.3316465070353
46702,2021-09-02,2074,742,0.357762777242044
46703,2021-09-02,18264,7603,0.416283399036356
46704,2021-09-02,38,0,0
46705,2021-09-02,1682,507,0.301426872770511
46706,2021-09-02,18771,8019,0.427201534281605
46710,2021-09-02,4291,1661,0.387089256583547
46711,2021-09-02,8770,1992,0.227137970353478
46714,2021-09-02,14931,5407,0.362132476056527
46721,2021-09-02,5084,1395,0.274390243902439
46723,2021-09-02,7884,2798,0.354895991882293
46725,2021-09-02,23286,9531,0.409301726359186
46730,2021-09-02,1039,477,0.459095283926853
46731,2021-09-02,759,211,0.277997364953887
46732,2021-09-02,3244,808,0.249075215782984
46733,2021-09-02,18943,6969,0.367893153143641
46737,2021-09-02,7329,2990,0.407968344931096
46738,2021-09-02,8549,2614,0.305766756345771
46740,2021-09-02,3874,752,0.194114610221993
46741,2021-09-02,4553,926,0.203382385240501
46742,2021-09-02,3290,1380,0.419452887537994
46743,2021-09-02,2050,706,0.344390243902439
46745,2021-09-02,2146,829,0.386300093196645
46746,2021-09-02,4640,1172,0.252586206896552
46747,2021-09-02,2292,850,0.370855148342059
46748,2021-09-02,5021,3305,0.658235411272655
46750,2021-09-02,26499,10208,0.385222083852221
46755,2021-09-02,15097,5631,0.372988010863085
46759,2021-09-02,508,146,0.28740157480315
46760,2021-09-02,1381,443,0.320782041998552
46761,2021-09-02,12325,2809,0.227910750507099
46763,2021-09-02,1881,660,0.350877192982456
46764,2021-09-02,1385,444,0.32057761732852
46765,2021-09-02,5568,2474,0.444324712643678
46766,2021-09-02,737,153,0.207598371777476
46767,2021-09-02,8102,2499,0.308442359911133
46770,2021-09-02,3057,1046,0.342165521753353
46771,2021-09-02,72,0,0
46772,2021-09-02,3087,503,0.162941367023
46773,2021-09-02,3392,1373,0.404775943396226
46774,2021-09-02,17221,7194,0.417745775506649
46776,2021-09-02,1715,529,0.308454810495627
46777,2021-09-02,6493,2599,0.400277221623287
46779,2021-09-02,2144,716,0.333955223880597
46781,2021-09-02,728,276,0.379120879120879
46783,2021-09-02,6651,3550,0.533754322658247
46784,2021-09-02,2159,863,0.399722093561834
46785,2021-09-02,1686,441,0.261565836298932
46786,2021-09-02,39,0,0
46787,2021-09-02,3865,1256,0.32496765847348
46788,2021-09-02,3723,979,0.262959978511953
46791,2021-09-02,865,315,0.364161849710983
46792,2021-09-02,3756,1434,0.381789137380192
46793,2021-09-02,4874,1463,0.300164136233073
46794,2021-09-02,1709,418,0.244587478057344
46795,2021-09-02,6651,2047,0.307773267177868
46797,2021-09-02,3915,1188,0.303448275862069
46798,2021-09-02,1515,573,0.378217821782178
46799,2021-09-02,227,147,0.647577092511013
46802,2021-09-02,10584,4270,0.403439153439153
46803,2021-09-02,9425,2535,0.268965517241379
46804,2021-09-02,28587,15820,0.553398397873159
46805,2021-09-02,21704,9427,0.434343899741983
46806,2021-09-02,24711,8056,0.326008660110882
46807,2021-09-02,17538,6812,0.388413730185882
46808,2021-09-02,19831,7714,0.388986939639958
46809,2021-09-02,9212,3526,0.382761615284412
46814,2021-09-02,12649,9813,0.77579255277097
46815,2021-09-02,28242,12876,0.455916719779053
46816,2021-09-02,19055,8059,0.422933613224875
46818,2021-09-02,20852,9821,0.470985996547094
46819,2021-09-02,9657,3865,0.400227814020917
46825,2021-09-02,29507,14196,0.481106178195005
46835,2021-09-02,35658,17397,0.487884906612822
46845,2021-09-02,23066,15388,0.667129107777681
46901,2021-09-02,39383,13412,0.340553030495391
46902,2021-09-02,35778,15012,0.419587455978534
46910,2021-09-02,3376,1092,0.32345971563981
46911,2021-09-02,1483,376,0.25354012137559
46913,2021-09-02,1048,457,0.436068702290076
46914,2021-09-02,1729,1617,0.935222672064777
46915,2021-09-02,694,253,0.364553314121038
46917,2021-09-02,1781,565,0.317237507018529
46919,2021-09-02,2407,696,0.289156626506024
46920,2021-09-02,1103,366,0.331822302810517
46922,2021-09-02,31,0,0
46923,2021-09-02,8046,3010,0.374098931145911
46926,2021-09-02,1293,456,0.352668213457077
46928,2021-09-02,4265,1686,0.395310668229777
46929,2021-09-02,3088,1072,0.347150259067358
46930,2021-09-02,126,0,0
46931,2021-09-02,187,86,0.459893048128342
46932,2021-09-02,3057,1146,0.374877330716389
46933,2021-09-02,6126,2158,0.352269017303297
46936,2021-09-02,5857,2206,0.376643332764214
46938,2021-09-02,2928,900,0.307377049180328
46939,2021-09-02,1819,673,0.36998350742166
46940,2021-09-02,2658,848,0.319036869826938
46941,2021-09-02,970,330,0.34020618556701
46943,2021-09-02,225,48,0.213333333333333
46946,2021-09-02,34,0,0
46947,2021-09-02,27830,10631,0.38199784405318
46950,2021-09-02,566,207,0.365724381625442
46951,2021-09-02,1874,609,0.324973319103522
46952,2021-09-02,18625,7717,0.414335570469799
46953,2021-09-02,23333,6706,0.28740410577294
46957,2021-09-02,592,191,0.322635135135135
46958,2021-09-02,458,157,0.342794759825328
46959,2021-09-02,838,49,0.058472553699284
46960,2021-09-02,1062,419,0.394538606403013
46961,2021-09-02,169,20,0.118343195266272
46962,2021-09-02,8844,3314,0.374717322478517
46967,2021-09-02,97,0,0
46968,2021-09-02,142,0,0
46970,2021-09-02,23499,7283,0.309928082046044
46974,2021-09-02,2079,472,0.227032227032227
46975,2021-09-02,14325,4848,0.338429319371728
46978,2021-09-02,2135,684,0.320374707259953
46979,2021-09-02,4940,2006,0.406072874493927
46982,2021-09-02,2660,724,0.27218045112782
46984,2021-09-02,188,108,0.574468085106383
46985,2021-09-02,1438,458,0.318497913769124
46986,2021-09-02,1683,667,0.396316102198455
46987,2021-09-02,884,379,0.428733031674208
46988,2021-09-02,967,199,0.205791106514995
46989,2021-09-02,4947,1604,0.324236911259349
46990,2021-09-02,741,234,0.315789473684211
46991,2021-09-02,1614,521,0.322800495662949
46992,2021-09-02,16260,5648,0.347355473554736
46994,2021-09-02,2815,845,0.300177619893428
46996,2021-09-02,6159,2780,0.451371975970125
46998,2021-09-02,226,27,0.119469026548673
47001,2021-09-02,10009,3992,0.398841043061245
47003,2021-09-02,890,341,0.38314606741573
47006,2021-09-02,11880,5616,0.472727272727273
47010,2021-09-02,220,104,0.472727272727273
47011,2021-09-02,788,275,0.348984771573604
47012,2021-09-02,9396,3610,0.384206045125585
47016,2021-09-02,796,327,0.410804020100503
47017,2021-09-02,481,197,0.40956340956341
47018,2021-09-02,4477,1522,0.339959794505249
47020,2021-09-02,1432,305,0.212988826815642
47022,2021-09-02,2980,1266,0.424832214765101
47023,2021-09-02,1665,483,0.29009009009009
47024,2021-09-02,3708,653,0.176105717367853
47025,2021-09-02,22794,9617,0.421909274370448
47030,2021-09-02,2038,426,0.209028459273798
47031,2021-09-02,5477,1786,0.326090925689246
47032,2021-09-02,3116,1193,0.382862644415918
47034,2021-09-02,135,62,0.459259259259259
47035,2021-09-02,246,75,0.304878048780488
47036,2021-09-02,882,570,0.646258503401361
47037,2021-09-02,4553,1336,0.293432901383703
47038,2021-09-02,1716,335,0.195221445221445
47040,2021-09-02,5103,2150,0.421320791691162
47041,2021-09-02,6626,2059,0.310745547841835
47042,2021-09-02,4089,1471,0.359745659085351
47043,2021-09-02,5212,1795,0.344397544128933
47060,2021-09-02,5942,2640,0.444294850218782
47102,2021-09-02,6953,2304,0.331367754925931
47104,2021-09-02,0,0,
47106,2021-09-02,5005,2147,0.428971028971029
47108,2021-09-02,2352,785,0.333758503401361
47110,2021-09-02,417,135,0.323741007194245
47111,2021-09-02,16971,7614,0.448647693123564
47112,2021-09-02,16593,7408,0.446453323690713
47114,2021-09-02,328,179,0.545731707317073
47115,2021-09-02,3025,1009,0.333553719008264
47116,2021-09-02,681,244,0.358296622613803
47117,2021-09-02,4531,1781,0.393069962480689
47118,2021-09-02,3474,1199,0.345135290731146
47119,2021-09-02,11700,6798,0.581025641025641
47120,2021-09-02,741,352,0.475033738191633
47122,2021-09-02,10943,5656,0.516860093210271
47123,2021-09-02,122,0,0
47124,2021-09-02,5146,2401,0.466575981344734
47125,2021-09-02,1554,619,0.398326898326898
47126,2021-09-02,4698,1987,0.422945934440187
47129,2021-09-02,19684,8741,0.444066246697826
47130,2021-09-02,46645,23000,0.493086075677993
47135,2021-09-02,938,445,0.474413646055437
47136,2021-09-02,4482,2213,0.493752788933512
47137,2021-09-02,1499,611,0.407605070046698
47138,2021-09-02,4378,1678,0.383280036546368
47140,2021-09-02,2559,965,0.377100429855412
47141,2021-09-02,1542,596,0.38651102464332
47142,2021-09-02,1049,289,0.275500476644423
47143,2021-09-02,3063,1572,0.513222331047992
47145,2021-09-02,1913,773,0.404077365394668
47147,2021-09-02,1273,433,0.340141398271799
47150,2021-09-02,47912,23487,0.490211220571047
47160,2021-09-02,113,0,0
47161,2021-09-02,3305,1489,0.45052950075643
47162,2021-09-02,801,335,0.418227215980025
47163,2021-09-02,1210,655,0.541322314049587
47164,2021-09-02,4115,1419,0.344835965978129
47165,2021-09-02,6034,2211,0.366423599602254
47166,2021-09-02,1515,618,0.407920792079208
47167,2021-09-02,14879,6024,0.404865918408495
47170,2021-09-02,14919,6098,0.408740532207252
47172,2021-09-02,17813,9729,0.546174142480211
47175,2021-09-02,1033,336,0.325266214908035
47177,2021-09-02,1241,537,0.432715551974214
47201,2021-09-02,44831,23388,0.521692578795923
47203,2021-09-02,26807,14760,0.550602454582758
47220,2021-09-02,5671,2393,0.421971433609593
47223,2021-09-02,1024,451,0.4404296875
47224,2021-09-02,520,143,0.275
47226,2021-09-02,260,77,0.296153846153846
47227,2021-09-02,2299,502,0.218355806872553
47229,2021-09-02,3261,1193,0.365838699785342
47230,2021-09-02,1439,724,0.503127171646977
47231,2021-09-02,858,373,0.434731934731935
47232,2021-09-02,3327,1058,0.318004207995191
47234,2021-09-02,1457,559,0.383665065202471
47235,2021-09-02,1488,716,0.481182795698925
47240,2021-09-02,21836,8782,0.402179886426085
47243,2021-09-02,5907,2134,0.361266294227188
47244,2021-09-02,734,285,0.388283378746594
47246,2021-09-02,4600,1787,0.388478260869565
47247,2021-09-02,194,68,0.350515463917526
47250,2021-09-02,22202,10284,0.463201513377173
47260,2021-09-02,1705,611,0.358357771260997
47263,2021-09-02,255,60,0.235294117647059
47264,2021-09-02,1197,458,0.382623224728488
47265,2021-09-02,20344,7148,0.351356665355879
47270,2021-09-02,530,254,0.479245283018868
47272,2021-09-02,2185,713,0.326315789473684
47273,2021-09-02,2210,716,0.323981900452489
47274,2021-09-02,31352,13539,0.431838479203879
47280,2021-09-02,979,348,0.355464759959142
47281,2021-09-02,1237,625,0.505254648342765
47282,2021-09-02,293,147,0.501706484641638
47283,2021-09-02,3193,1239,0.388036329470717
47302,2021-09-02,26018,9434,0.362595126450919
47303,2021-09-02,25124,9229,0.367338003502627
47304,2021-09-02,32105,16462,0.512755022582152
47305,2021-09-02,3504,1294,0.369292237442922
47306,2021-09-02,5096,249,0.048861852433281
47320,2021-09-02,3648,1739,0.476699561403509
47324,2021-09-02,149,32,0.214765100671141
47325,2021-09-02,663,226,0.340874811463047
47326,2021-09-02,2195,371,0.169020501138952
47327,2021-09-02,4512,1501,0.332668439716312
47330,2021-09-02,5196,2186,0.420708237105466
47331,2021-09-02,22391,7351,0.328301549729802
47334,2021-09-02,3189,1350,0.423330197554092
47335,2021-09-02,753,233,0.309428950863214
47336,2021-09-02,3243,1217,0.375269811902559
47337,2021-09-02,138,65,0.471014492753623
47338,2021-09-02,2789,950,0.340623879526712
47339,2021-09-02,497,214,0.430583501006036
47340,2021-09-02,2998,1063,0.354569713142095
47341,2021-09-02,2382,720,0.302267002518892
47342,2021-09-02,2558,1071,0.418686473807662
47344,2021-09-02,124,0,0
47345,2021-09-02,1406,421,0.299431009957326
47346,2021-09-02,3911,1445,0.369470723600102
47348,2021-09-02,9159,3598,0.392837646031226
47351,2021-09-02,540,157,0.290740740740741
47352,2021-09-02,860,349,0.405813953488372
47353,2021-09-02,5508,2098,0.380900508351489
47354,2021-09-02,1075,404,0.375813953488372
47355,2021-09-02,2752,803,0.291787790697674
47356,2021-09-02,5286,2286,0.432463110102157
47357,2021-09-02,822,396,0.481751824817518
47358,2021-09-02,1060,319,0.300943396226415
47359,2021-09-02,3013,896,0.29737802854298
47360,2021-09-02,1259,594,0.471803018268467
47361,2021-09-02,215,110,0.511627906976744
47362,2021-09-02,29873,13203,0.441971010611589
47367,2021-09-02,57,0,0
47368,2021-09-02,2831,1113,0.393147297774638
47369,2021-09-02,1320,318,0.240909090909091
47371,2021-09-02,12200,3851,0.315655737704918
47373,2021-09-02,2404,693,0.288269550748752
47374,2021-09-02,45571,18072,0.39656799280244
47380,2021-09-02,1476,583,0.394986449864499
47381,2021-09-02,122,30,0.245901639344262
47382,2021-09-02,255,53,0.207843137254902
47383,2021-09-02,3133,1228,0.391956591126716
47384,2021-09-02,2044,753,0.36839530332681
47385,2021-09-02,1277,636,0.49804228660924
47386,2021-09-02,1206,495,0.41044776119403
47387,2021-09-02,730,241,0.33013698630137
47388,2021-09-02,335,144,0.429850746268657
47390,2021-09-02,4960,1509,0.304233870967742
47393,2021-09-02,1825,456,0.24986301369863
47394,2021-09-02,8334,3107,0.372810175185985
47396,2021-09-02,6903,3829,0.55468636824569
47401,2021-09-02,43279,27679,0.639548048707225
47403,2021-09-02,33505,17762,0.530129831368453
47404,2021-09-02,23832,12335,0.517581403155421
47405,2021-09-02,3697,109,0.0294833648904517
47406,2021-09-02,3945,1345,0.340937896070976
47408,2021-09-02,25804,12804,0.496202139203224
47420,2021-09-02,439,78,0.177676537585421
47421,2021-09-02,27417,11692,0.426450742240216
47424,2021-09-02,8965,3748,0.418070273284997
47427,2021-09-02,662,313,0.472809667673716
47429,2021-09-02,9269,4065,0.438558636314597
47431,2021-09-02,1584,500,0.315656565656566
47432,2021-09-02,4386,1978,0.450980392156863
47433,2021-09-02,4039,1432,0.354543203763308
47434,2021-09-02,0,0,
47436,2021-09-02,1379,604,0.437998549673677
47437,2021-09-02,155,21,0.135483870967742
47438,2021-09-02,4475,1449,0.323798882681564
47441,2021-09-02,9153,3713,0.405659346662297
47443,2021-09-02,1275,418,0.327843137254902
47446,2021-09-02,10393,3575,0.343981526027134
47448,2021-09-02,7261,4126,0.568241289078639
47449,2021-09-02,400,209,0.5225
47451,2021-09-02,1111,482,0.433843384338434
47452,2021-09-02,5360,1815,0.338619402985075
47453,2021-09-02,683,167,0.244509516837482
47454,2021-09-02,7046,3187,0.452313369287539
47455,2021-09-02,76,0,0
47456,2021-09-02,1352,429,0.317307692307692
47457,2021-09-02,192,11,0.0572916666666667
47458,2021-09-02,58,0,0
47459,2021-09-02,3597,1435,0.398943564081179
47460,2021-09-02,10917,4731,0.433360813410278
47462,2021-09-02,4812,1922,0.399418121363258
47464,2021-09-02,212,77,0.363207547169811
47465,2021-09-02,520,257,0.494230769230769
47467,2021-09-02,167,0,0
47468,2021-09-02,1510,764,0.505960264900662
47469,2021-09-02,1828,674,0.368708971553611
47470,2021-09-02,1580,487,0.308227848101266
47471,2021-09-02,2746,872,0.31755280407866
47501,2021-09-02,17882,6572,0.367520411587071
47512,2021-09-02,4095,1181,0.288400488400488
47513,2021-09-02,2222,787,0.354185418541854
47514,2021-09-02,1556,946,0.607969151670951
47515,2021-09-02,880,309,0.351136363636364
47516,2021-09-02,1100,513,0.466363636363636
47519,2021-09-02,847,128,0.15112160566706
47520,2021-09-02,2786,1288,0.462311557788945
47521,2021-09-02,692,387,0.559248554913295
47522,2021-09-02,437,70,0.160183066361556
47523,2021-09-02,3346,1381,0.412731619844591
47524,2021-09-02,612,188,0.30718954248366
47525,2021-09-02,281,201,0.715302491103203
47527,2021-09-02,1935,711,0.367441860465116
47528,2021-09-02,504,233,0.462301587301587
47529,2021-09-02,1173,295,0.251491901108269
47531,2021-09-02,945,415,0.439153439153439
47532,2021-09-02,4358,2213,0.507801743919229
47535,2021-09-02,758,191,0.251978891820581
47536,2021-09-02,0,0,
47537,2021-09-02,896,323,0.360491071428571
47541,2021-09-02,1196,507,0.423913043478261
47542,2021-09-02,10061,4149,0.412384454825564
47546,2021-09-02,21538,10981,0.509843068065744
47550,2021-09-02,561,318,0.566844919786096
47551,2021-09-02,914,282,0.308533916849015
47552,2021-09-02,270,69,0.255555555555556
47553,2021-09-02,8614,2473,0.287090782447179
47557,2021-09-02,1586,440,0.277427490542245
47558,2021-09-02,4632,612,0.132124352331606
47561,2021-09-02,1650,560,0.339393939393939
47562,2021-09-02,4755,1159,0.243743427970557
47564,2021-09-02,1224,515,0.420751633986928
47567,2021-09-02,6116,2240,0.366252452583388
47568,2021-09-02,829,264,0.318455971049457
47574,2021-09-02,213,89,0.417840375586854
47575,2021-09-02,955,452,0.473298429319372
47576,2021-09-02,341,169,0.495601173020528
47577,2021-09-02,1211,546,0.450867052023121
47578,2021-09-02,710,278,0.391549295774648
47579,2021-09-02,2636,1394,0.528831562974203
47580,2021-09-02,406,122,0.300492610837438
47581,2021-09-02,3721,1147,0.308250470303682
47584,2021-09-02,139,34,0.244604316546763
47585,2021-09-02,800,161,0.20125
47586,2021-09-02,11022,5487,0.497822536744693
47588,2021-09-02,615,266,0.432520325203252
47590,2021-09-02,413,240,0.581113801452784
47591,2021-09-02,25370,11071,0.436381553015373
47596,2021-09-02,71,0,0
47597,2021-09-02,904,332,0.367256637168142
47598,2021-09-02,3058,1006,0.328973185088293
47601,2021-09-02,13854,6372,0.459939367691641
47610,2021-09-02,5444,2319,0.425973548861132
47611,2021-09-02,1489,502,0.337139019476159
47612,2021-09-02,715,368,0.514685314685315
47613,2021-09-02,3224,1225,0.379962779156328
47615,2021-09-02,1832,575,0.313864628820961
47616,2021-09-02,265,127,0.479245283018868
47619,2021-09-02,1753,773,0.440958357102111
47620,2021-09-02,13129,5905,0.449767689846904
47630,2021-09-02,36182,21897,0.605190426178763
47631,2021-09-02,2217,1017,0.45872801082544
47633,2021-09-02,2384,1103,0.462667785234899
47634,2021-09-02,2358,856,0.363019508057676
47635,2021-09-02,5432,2149,0.395618556701031
47637,2021-09-02,1294,566,0.437403400309119
47638,2021-09-02,3514,1628,0.463289698349459
47639,2021-09-02,4243,2295,0.54089087909498
47640,2021-09-02,1099,312,0.283894449499545
47648,2021-09-02,4219,1919,0.454847120170657
47649,2021-09-02,1499,509,0.339559706470981
47654,2021-09-02,92,0,0
47660,2021-09-02,4868,1776,0.364831552999178
47665,2021-09-02,3746,1362,0.363587827015483
47666,2021-09-02,1813,564,0.311086596800883
47670,2021-09-02,12048,4893,0.406125498007968
47683,2021-09-02,235,0,0
47708,2021-09-02,445,374,0.840449438202247
47710,2021-09-02,18869,7849,0.415973289522497
47711,2021-09-02,32612,14968,0.458972157488041
47712,2021-09-02,26764,11445,0.427626662681214
47713,2021-09-02,10108,4097,0.405322516818362
47714,2021-09-02,34447,14013,0.406798850407873
47715,2021-09-02,26196,15207,0.580508474576271
47720,2021-09-02,17763,8876,0.499690367618083
47725,2021-09-02,17326,11004,0.635114856285352
47802,2021-09-02,34894,14636,0.419441737834585
47803,2021-09-02,20939,10747,0.513252781890253
47804,2021-09-02,11781,4003,0.339784398607928
47805,2021-09-02,12624,5696,0.451204055766793
47807,2021-09-02,11886,3587,0.30178361097089
47809,2021-09-02,2516,146,0.0580286168521463
47832,2021-09-02,1059,313,0.295561850802644
47833,2021-09-02,761,364,0.478318002628121
47834,2021-09-02,19263,7046,0.365778954472304
47836,2021-09-02,0,0,
47837,2021-09-02,1008,363,0.360119047619048
47838,2021-09-02,3772,1969,0.522004241781548
47840,2021-09-02,1831,510,0.278536318951393
47841,2021-09-02,2305,748,0.324511930585683
47842,2021-09-02,9597,3920,0.408460977388767
47846,2021-09-02,532,238,0.447368421052632
47847,2021-09-02,1187,336,0.283066554338669
47848,2021-09-02,1616,602,0.372524752475248
47849,2021-09-02,502,155,0.308764940239044
47850,2021-09-02,2239,917,0.409557838320679
47853,2021-09-02,121,103,0.851239669421488
47854,2021-09-02,612,301,0.491830065359477
47855,2021-09-02,526,204,0.387832699619772
47857,2021-09-02,420,186,0.442857142857143
47858,2021-09-02,724,181,0.25
47859,2021-09-02,1027,255,0.248296007789679
47860,2021-09-02,425,66,0.155294117647059
47861,2021-09-02,663,190,0.28657616892911
47862,2021-09-02,1390,465,0.334532374100719
47863,2021-09-02,294,65,0.22108843537415
47865,2021-09-02,55,0,0
47866,2021-09-02,613,191,0.311582381729201
47868,2021-09-02,3072,838,0.272786458333333
47869,2021-09-02,124,53,0.42741935483871
47871,2021-09-02,321,73,0.227414330218069
47872,2021-09-02,8747,3331,0.380816279867383
47874,2021-09-02,3207,1199,0.373869660118491
47876,2021-09-02,348,173,0.497126436781609
47879,2021-09-02,3592,1015,0.282572383073497
47880,2021-09-02,78,0,0
47881,2021-09-02,329,117,0.355623100303951
47882,2021-09-02,7731,3275,0.423619195446902
47884,2021-09-02,185,91,0.491891891891892
47885,2021-09-02,8920,3563,0.399439461883408
47901,2021-09-02,3715,1787,0.481022880215343
47904,2021-09-02,17285,6554,0.379172693086491
47905,2021-09-02,41631,20785,0.499267372871178
47906,2021-09-02,77702,44311,0.570268461558261
47907,2021-09-02,0,0,
47909,2021-09-02,43291,19581,0.452311103924603
47916,2021-09-02,43,0,0
47917,2021-09-02,492,146,0.296747967479675
47918,2021-09-02,5679,2214,0.389857369255151
47920,2021-09-02,2260,1356,0.6
47921,2021-09-02,1140,463,0.406140350877193
47922,2021-09-02,1570,519,0.330573248407643
47923,2021-09-02,3220,1672,0.519254658385093
47924,2021-09-02,162,53,0.327160493827161
47925,2021-09-02,133,74,0.556390977443609
47926,2021-09-02,1480,310,0.209459459459459
47928,2021-09-02,2036,524,0.257367387033399
47929,2021-09-02,673,313,0.465081723625557
47930,2021-09-02,1294,446,0.344667697063369
47932,2021-09-02,5317,1679,0.315779574948279
47933,2021-09-02,27521,11352,0.412485011445805
47940,2021-09-02,1739,487,0.280046003450259
47941,2021-09-02,1405,565,0.402135231316726
47942,2021-09-02,728,237,0.325549450549451
47943,2021-09-02,1096,305,0.278284671532847
47944,2021-09-02,3402,1537,0.451793062904174
47946,2021-09-02,2170,627,0.288940092165899
47948,2021-09-02,1485,404,0.272053872053872
47949,2021-09-02,1209,407,0.336641852770885
47950,2021-09-02,921,246,0.267100977198697
47951,2021-09-02,2168,795,0.36669741697417
47952,2021-09-02,2941,728,0.247534852091126
47954,2021-09-02,2433,757,0.311138512124949
47955,2021-09-02,1016,395,0.388779527559055
47957,2021-09-02,1908,473,0.2479035639413
47958,2021-09-02,140,49,0.35
47959,2021-09-02,2906,868,0.298692360633173
47960,2021-09-02,14721,6819,0.463215814143061
47963,2021-09-02,2057,682,0.331550802139037
47964,2021-09-02,110,0,0
47965,2021-09-02,599,201,0.335559265442404
47966,2021-09-02,359,152,0.423398328690808
47967,2021-09-02,680,261,0.383823529411765
47968,2021-09-02,1030,339,0.329126213592233
47969,2021-09-02,109,0,0
47970,2021-09-02,1779,790,0.44406970207982
47971,2021-09-02,1957,788,0.402657128257537
47974,2021-09-02,1176,309,0.262755102040816
47975,2021-09-02,664,316,0.475903614457831
47977,2021-09-02,2322,839,0.361326442721792
47978,2021-09-02,11515,3867,0.335822839774208
47980,2021-09-02,1005,409,0.406965174129353
47981,2021-09-02,1130,336,0.297345132743363
47982,2021-09-02,173,30,0.173410404624277
47983,2021-09-02,303,123,0.405940594059406
47987,2021-09-02,4074,1089,0.267304860088365
47989,2021-09-02,1430,360,0.251748251748252
47990,2021-09-02,1964,581,0.295824847250509
47991,2021-09-02,975,351,0.36
47992,2021-09-02,1357,666,0.490788504053058
47993,2021-09-02,3661,1401,0.382682327232996
47994,2021-09-02,309,179,0.579288025889968
47995,2021-09-02,1670,583,0.349101796407186
47997,2021-09-02,134,29,0.216417910447761
46001,2021-09-03,9993,4252,0.425497848493946
46011,2021-09-03,17069,8333,0.488194973343488
46012,2021-09-03,19806,8836,0.446127436130466
46013,2021-09-03,17136,8340,0.486694677871148
46016,2021-09-03,18046,5321,0.29485758616868
46017,2021-09-03,5814,2688,0.462332301341589
46030,2021-09-03,2978,1328,0.445936870382807
46031,2021-09-03,2546,956,0.375490966221524
46032,2021-09-03,51551,35049,0.679889817850284
46033,2021-09-03,38942,27452,0.704945816855837
46034,2021-09-03,6649,3756,0.564896976989021
46035,2021-09-03,1229,426,0.346623270951993
46036,2021-09-03,11678,4478,0.383456071245076
46037,2021-09-03,41890,30149,0.719718309859155
46038,2021-09-03,43381,26832,0.61851962840875
46039,2021-09-03,508,233,0.458661417322835
46040,2021-09-03,12474,8966,0.718775052108386
46041,2021-09-03,22247,8905,0.400278689261473
46044,2021-09-03,3147,1229,0.390530664124563
46045,2021-09-03,39,0,0
46047,2021-09-03,56,0,0
46048,2021-09-03,2117,705,0.333018422295701
46049,2021-09-03,1082,311,0.287430683918669
46050,2021-09-03,2127,646,0.30371415138693
46051,2021-09-03,2817,1240,0.440184593539226
46052,2021-09-03,22443,10724,0.477832731809473
46055,2021-09-03,12638,8555,0.676926728912803
46056,2021-09-03,2238,1005,0.449061662198391
46057,2021-09-03,1269,340,0.267927501970055
46058,2021-09-03,2516,1029,0.408982511923688
46060,2021-09-03,41461,24049,0.580039072863655
46062,2021-09-03,35349,22733,0.643101643610852
46063,2021-09-03,565,106,0.187610619469027
46064,2021-09-03,17168,9592,0.558713886300093
46065,2021-09-03,3444,1340,0.389082462253194
46068,2021-09-03,2872,1018,0.354456824512535
46069,2021-09-03,7220,3069,0.425069252077562
46070,2021-09-03,2336,858,0.367294520547945
46071,2021-09-03,3148,1357,0.431067344345616
46072,2021-09-03,8592,4017,0.467527932960894
46074,2021-09-03,34755,26954,0.775543087325565
46075,2021-09-03,6614,4449,0.672664045963109
46076,2021-09-03,1440,500,0.347222222222222
46077,2021-09-03,29296,23237,0.793179956308028
46103,2021-09-03,162,98,0.604938271604938
46104,2021-09-03,910,378,0.415384615384615
46105,2021-09-03,1794,666,0.37123745819398
46106,2021-09-03,6855,4277,0.623924142961342
46107,2021-09-03,13081,5709,0.436434523354484
46110,2021-09-03,583,219,0.375643224699828
46111,2021-09-03,196,106,0.540816326530612
46112,2021-09-03,37819,23246,0.614664586583463
46113,2021-09-03,15505,6394,0.412383102225089
46115,2021-09-03,1967,741,0.376715810879512
46117,2021-09-03,828,249,0.300724637681159
46118,2021-09-03,5068,2035,0.401539068666141
46120,2021-09-03,5332,2118,0.397224306076519
46121,2021-09-03,5545,2080,0.375112714156898
46122,2021-09-03,16300,7915,0.48558282208589
46123,2021-09-03,36616,23485,0.641386279222198
46124,2021-09-03,8949,3164,0.353559056877863
46125,2021-09-03,55,0,0
46126,2021-09-03,4956,1934,0.390234059725585
46127,2021-09-03,287,151,0.526132404181185
46128,2021-09-03,1824,774,0.424342105263158
46130,2021-09-03,2669,1054,0.394904458598726
46131,2021-09-03,33215,14810,0.445882884239049
46133,2021-09-03,833,274,0.328931572629052
46135,2021-09-03,20462,8190,0.400254129606099
46140,2021-09-03,40292,20402,0.506353618584334
46142,2021-09-03,29696,16950,0.570783943965517
46143,2021-09-03,57211,32102,0.561115869325829
46144,2021-09-03,133,64,0.481203007518797
46146,2021-09-03,416,69,0.165865384615385
46147,2021-09-03,3209,1155,0.359925210345902
46148,2021-09-03,5555,1986,0.357515751575158
46149,2021-09-03,2153,840,0.390153274500697
46150,2021-09-03,1147,327,0.285091543156059
46151,2021-09-03,31589,12774,0.404381271961759
46155,2021-09-03,162,47,0.290123456790123
46156,2021-09-03,1253,461,0.367916999201915
46157,2021-09-03,4103,1515,0.369242018035584
46158,2021-09-03,23152,10568,0.456461644782308
46160,2021-09-03,6321,2367,0.374466065495966
46161,2021-09-03,2569,1015,0.395095367847411
46162,2021-09-03,314,237,0.754777070063694
46163,2021-09-03,13088,7516,0.574266503667482
46164,2021-09-03,4166,1794,0.4306289006241
46165,2021-09-03,1522,600,0.394218134034166
46166,2021-09-03,2167,625,0.288417166589755
46167,2021-09-03,7066,3528,0.499292386074158
46168,2021-09-03,35418,20077,0.566858659438704
46171,2021-09-03,1762,658,0.373439273552781
46172,2021-09-03,2562,813,0.317330210772834
46173,2021-09-03,9905,4169,0.420898536092882
46175,2021-09-03,646,166,0.256965944272446
46176,2021-09-03,27737,12543,0.452211846991383
46180,2021-09-03,976,361,0.369877049180328
46181,2021-09-03,5286,2097,0.396708286038592
46182,2021-09-03,1526,780,0.511140235910878
46183,2021-09-03,15,0,0
46184,2021-09-03,14042,5480,0.390257798034468
46186,2021-09-03,1652,630,0.38135593220339
46201,2021-09-03,30962,12177,0.39328854725147
46202,2021-09-03,20504,12334,0.601541162699961
46203,2021-09-03,38581,15144,0.392524817915554
46204,2021-09-03,8356,5476,0.655337482048827
46205,2021-09-03,27580,14618,0.530021754894851
46208,2021-09-03,23080,10381,0.449783362218371
46214,2021-09-03,24549,11316,0.460955639740926
46216,2021-09-03,2324,1452,0.624784853700516
46217,2021-09-03,36843,18237,0.494992264473577
46218,2021-09-03,28918,9939,0.343695967909261
46219,2021-09-03,36940,16879,0.45693015701137
46220,2021-09-03,36585,24232,0.662347956812902
46221,2021-09-03,26714,9966,0.373062813506027
46222,2021-09-03,37885,13066,0.34488583872245
46224,2021-09-03,37074,15605,0.420914926902951
46225,2021-09-03,5577,2629,0.471400394477318
46226,2021-09-03,45652,16539,0.362284237273285
46227,2021-09-03,54876,26782,0.48804577593119
46228,2021-09-03,16430,9056,0.551186853317103
46229,2021-09-03,28768,11791,0.409865127919911
46231,2021-09-03,10277,5347,0.520288021796244
46234,2021-09-03,26864,14363,0.534656045265039
46235,2021-09-03,33063,11397,0.344705562108702
46236,2021-09-03,28705,16338,0.569169134297161
46237,2021-09-03,39169,23197,0.592228548086497
46239,2021-09-03,30651,15457,0.504290235228867
46240,2021-09-03,19785,12881,0.651048774323983
46241,2021-09-03,31941,11196,0.350521273598197
46250,2021-09-03,18402,11225,0.609988044777742
46254,2021-09-03,40276,17095,0.424446320389314
46256,2021-09-03,23837,14170,0.594454000083903
46259,2021-09-03,10999,7634,0.69406309664515
46260,2021-09-03,34445,18332,0.532210770794019
46268,2021-09-03,25443,14085,0.553590378493102
46278,2021-09-03,8859,6042,0.682018286488317
46280,2021-09-03,6824,4640,0.679953106682298
46290,2021-09-03,187,151,0.807486631016043
46301,2021-09-03,516,506,0.98062015503876
46303,2021-09-03,14765,6793,0.460074500507958
46304,2021-09-03,25351,14026,0.553272060273756
46307,2021-09-03,62779,34372,0.547507924624476
46310,2021-09-03,13832,5283,0.38194042799306
46311,2021-09-03,21632,11173,0.516503328402367
46312,2021-09-03,28201,9158,0.32474025743768
46319,2021-09-03,17513,7668,0.43784617141552
46320,2021-09-03,13561,4887,0.360371654007817
46321,2021-09-03,22689,13806,0.608488694962317
46322,2021-09-03,22581,11582,0.51290908285727
46323,2021-09-03,22195,8435,0.38004054967335
46324,2021-09-03,21820,8285,0.379697525206233
46327,2021-09-03,11466,4015,0.350165707308564
46340,2021-09-03,742,461,0.621293800539084
46341,2021-09-03,10357,4294,0.414598822052718
46342,2021-09-03,30874,13916,0.450735246485716
46345,2021-09-03,170,86,0.505882352941176
46346,2021-09-03,1208,418,0.346026490066225
46347,2021-09-03,4833,1942,0.401820815228636
46348,2021-09-03,1031,415,0.402521823472357
46349,2021-09-03,3251,975,0.299907720701323
46350,2021-09-03,42763,19569,0.457615228117765
46356,2021-09-03,17720,7651,0.431772009029345
46360,2021-09-03,43678,20285,0.464421447868492
46365,2021-09-03,755,402,0.532450331125828
46366,2021-09-03,5610,1882,0.335472370766488
46368,2021-09-03,38661,17709,0.458058508574533
46371,2021-09-03,3246,1494,0.460258780036969
46373,2021-09-03,16083,9004,0.559845799912952
46374,2021-09-03,873,361,0.413516609392898
46375,2021-09-03,23598,12866,0.545215696245445
46376,2021-09-03,243,112,0.460905349794239
46377,2021-09-03,332,123,0.370481927710843
46379,2021-09-03,81,0,0
46381,2021-09-03,176,71,0.403409090909091
46382,2021-09-03,1713,869,0.507297139521308
46383,2021-09-03,42245,21274,0.503586223221683
46385,2021-09-03,39398,21639,0.549241078227321
46390,2021-09-03,3327,1225,0.368199579200481
46391,2021-09-03,9528,3936,0.413098236775819
46392,2021-09-03,7734,2728,0.352728213085079
46393,2021-09-03,296,131,0.442567567567568
46394,2021-09-03,12319,5323,0.432096761100739
46402,2021-09-03,6295,1507,0.239396346306593
46403,2021-09-03,13435,4419,0.328917007815408
46404,2021-09-03,17894,5094,0.284676427852912
46405,2021-09-03,10855,3965,0.365269461077844
46406,2021-09-03,9042,2532,0.280026542800265
46407,2021-09-03,10905,2949,0.270426409903714
46408,2021-09-03,15526,4849,0.312314826742239
46409,2021-09-03,7205,1987,0.275780707841777
46410,2021-09-03,37813,16881,0.446433766165076
46501,2021-09-03,3613,1176,0.325491281483532
46502,2021-09-03,58,0,0
46504,2021-09-03,3735,1000,0.267737617135208
46506,2021-09-03,9700,3387,0.349175257731959
46507,2021-09-03,9434,3449,0.36559253762985
46508,2021-09-03,113,52,0.460176991150443
46510,2021-09-03,3924,874,0.222731906218145
46511,2021-09-03,4308,2196,0.50974930362117
46514,2021-09-03,41616,17290,0.415465205690119
46516,2021-09-03,31329,12115,0.386702416291615
46517,2021-09-03,26468,8790,0.332099138582439
46524,2021-09-03,2124,403,0.189736346516008
46526,2021-09-03,33117,14296,0.431681613672736
46528,2021-09-03,27001,8777,0.325062034739454
46530,2021-09-03,31843,19581,0.614923217033571
46531,2021-09-03,1579,411,0.260291323622546
46532,2021-09-03,1531,607,0.396472893533638
46534,2021-09-03,11686,3735,0.319613212390895
46536,2021-09-03,3209,1263,0.393580554689935
46537,2021-09-03,425,167,0.392941176470588
46538,2021-09-03,4169,1656,0.397217558167426
46539,2021-09-03,2802,637,0.22733761598858
46540,2021-09-03,11881,2999,0.252419829980641
46542,2021-09-03,4142,1241,0.299613713182038
46543,2021-09-03,3553,536,0.1508584294962
46544,2021-09-03,31988,14096,0.440665249468551
46545,2021-09-03,24685,12611,0.510877050840592
46550,2021-09-03,12624,2665,0.211105830164766
46552,2021-09-03,6907,2970,0.429998552193427
46553,2021-09-03,3240,950,0.29320987654321
46554,2021-09-03,4878,1782,0.365313653136531
46555,2021-09-03,2406,1003,0.416874480465503
46556,2021-09-03,7301,6101,0.835638953568004
46561,2021-09-03,13615,6167,0.452956298200514
46562,2021-09-03,5010,1450,0.289421157684631
46563,2021-09-03,23664,9211,0.389241041244084
46565,2021-09-03,8642,910,0.105299699143717
46567,2021-09-03,9162,3499,0.381903514516481
46570,2021-09-03,833,301,0.361344537815126
46571,2021-09-03,5682,517,0.0909890883491728
46573,2021-09-03,3812,1187,0.311385099685205
46574,2021-09-03,9436,2907,0.308075455701569
46580,2021-09-03,22013,8592,0.390314813973561
46582,2021-09-03,13459,5458,0.405527899546772
46590,2021-09-03,4925,1800,0.365482233502538
46595,2021-09-03,133,0,0
46601,2021-09-03,5714,2482,0.434371718585929
46613,2021-09-03,11327,3634,0.320826344133486
46614,2021-09-03,31035,15166,0.488674077654261
46615,2021-09-03,13719,6718,0.489685837160143
46616,2021-09-03,5457,2790,0.511269928532161
46617,2021-09-03,9689,6701,0.69160904118072
46619,2021-09-03,21471,8646,0.402682688277211
46628,2021-09-03,26396,11560,0.437945143203516
46635,2021-09-03,6363,3612,0.567656765676568
46637,2021-09-03,16090,9261,0.575574891236793
46701,2021-09-03,8102,2692,0.332263638607751
46702,2021-09-03,2074,743,0.35824493731919
46703,2021-09-03,18264,7615,0.416940429259746
46704,2021-09-03,38,0,0
46705,2021-09-03,1682,508,0.302021403091558
46706,2021-09-03,18771,8032,0.427894091950349
46710,2021-09-03,4291,1662,0.387322302493591
46711,2021-09-03,8770,1995,0.227480045610034
46714,2021-09-03,14931,5418,0.362869198312236
46721,2021-09-03,5084,1399,0.275177025963808
46723,2021-09-03,7884,2800,0.355149670218163
46725,2021-09-03,23286,9543,0.409817057459418
46730,2021-09-03,1039,478,0.460057747834456
46731,2021-09-03,759,212,0.27931488801054
46732,2021-09-03,3244,810,0.249691738594328
46733,2021-09-03,18943,6981,0.368526632529166
46737,2021-09-03,7329,2997,0.408923454768727
46738,2021-09-03,8549,2618,0.306234647327173
46740,2021-09-03,3874,753,0.194372741352607
46741,2021-09-03,4553,928,0.203821656050955
46742,2021-09-03,3290,1382,0.420060790273556
46743,2021-09-03,2050,707,0.344878048780488
46745,2021-09-03,2146,832,0.387698042870457
46746,2021-09-03,4640,1172,0.252586206896552
46747,2021-09-03,2292,850,0.370855148342059
46748,2021-09-03,5021,3310,0.659231228838877
46750,2021-09-03,26499,10231,0.386090041133628
46755,2021-09-03,15097,5642,0.373716632443532
46759,2021-09-03,508,147,0.289370078740157
46760,2021-09-03,1381,444,0.321506154960174
46761,2021-09-03,12325,2821,0.228884381338742
46763,2021-09-03,1881,663,0.352472089314195
46764,2021-09-03,1385,444,0.32057761732852
46765,2021-09-03,5568,2482,0.445761494252874
46766,2021-09-03,737,153,0.207598371777476
46767,2021-09-03,8102,2507,0.309429770427055
46770,2021-09-03,3057,1046,0.342165521753353
46771,2021-09-03,72,0,0
46772,2021-09-03,3087,504,0.163265306122449
46773,2021-09-03,3392,1376,0.405660377358491
46774,2021-09-03,17221,7206,0.418442599152198
46776,2021-09-03,1715,529,0.308454810495627
46777,2021-09-03,6493,2600,0.400431233636224
46779,2021-09-03,2144,717,0.334421641791045
46781,2021-09-03,728,276,0.379120879120879
46783,2021-09-03,6651,3552,0.534055029318899
46784,2021-09-03,2159,864,0.400185270958777
46785,2021-09-03,1686,442,0.262158956109134
46786,2021-09-03,39,0,0
46787,2021-09-03,3865,1256,0.32496765847348
46788,2021-09-03,3723,981,0.263497179693795
46791,2021-09-03,865,317,0.366473988439306
46792,2021-09-03,3756,1436,0.382321618743344
46793,2021-09-03,4874,1465,0.300574476815757
46794,2021-09-03,1709,418,0.244587478057344
46795,2021-09-03,6651,2055,0.308976093820478
46797,2021-09-03,3915,1190,0.303959131545338
46798,2021-09-03,1515,574,0.378877887788779
46799,2021-09-03,227,147,0.647577092511013
46802,2021-09-03,10584,4278,0.404195011337869
46803,2021-09-03,9425,2548,0.270344827586207
46804,2021-09-03,28587,15835,0.553923111904012
46805,2021-09-03,21704,9439,0.43489679321784
46806,2021-09-03,24711,8076,0.326818016268059
46807,2021-09-03,17538,6832,0.389554111073098
46808,2021-09-03,19831,7728,0.389692905047653
46809,2021-09-03,9212,3537,0.383955709943552
46814,2021-09-03,12649,9824,0.776662186734129
46815,2021-09-03,28242,12894,0.456554068408753
46816,2021-09-03,19055,8068,0.423405930202047
46818,2021-09-03,20852,9835,0.471657394974103
46819,2021-09-03,9657,3867,0.400434917676297
46825,2021-09-03,29507,14216,0.481783983461552
46835,2021-09-03,35658,17429,0.488782320937798
46845,2021-09-03,23066,15411,0.668126246423307
46901,2021-09-03,39383,13445,0.341390955488409
46902,2021-09-03,35778,15043,0.42045391022416
46910,2021-09-03,3376,1092,0.32345971563981
46911,2021-09-03,1483,377,0.254214430209036
46913,2021-09-03,1048,457,0.436068702290076
46914,2021-09-03,1729,1617,0.935222672064777
46915,2021-09-03,694,253,0.364553314121038
46917,2021-09-03,1781,566,0.317798989331836
46919,2021-09-03,2407,697,0.289572081429165
46920,2021-09-03,1103,367,0.332728921124207
46922,2021-09-03,31,0,0
46923,2021-09-03,8046,3014,0.37459607258265
46926,2021-09-03,1293,456,0.352668213457077
46928,2021-09-03,4265,1688,0.3957796014068
46929,2021-09-03,3088,1074,0.34779792746114
46930,2021-09-03,126,0,0
46931,2021-09-03,187,87,0.46524064171123
46932,2021-09-03,3057,1150,0.37618580307491
46933,2021-09-03,6126,2158,0.352269017303297
46936,2021-09-03,5857,2210,0.37732627625064
46938,2021-09-03,2928,905,0.309084699453552
46939,2021-09-03,1819,673,0.36998350742166
46940,2021-09-03,2658,849,0.31941309255079
46941,2021-09-03,970,330,0.34020618556701
46943,2021-09-03,225,48,0.213333333333333
46946,2021-09-03,34,0,0
46947,2021-09-03,27830,10662,0.383111749910169
46950,2021-09-03,566,207,0.365724381625442
46951,2021-09-03,1874,610,0.325506937033084
46952,2021-09-03,18625,7741,0.415624161073826
46953,2021-09-03,23333,6722,0.288089829854712
46957,2021-09-03,592,191,0.322635135135135
46958,2021-09-03,458,157,0.342794759825328
46959,2021-09-03,838,49,0.058472553699284
46960,2021-09-03,1062,421,0.396421845574388
46961,2021-09-03,169,20,0.118343195266272
46962,2021-09-03,8844,3323,0.375734961555857
46967,2021-09-03,97,0,0
46968,2021-09-03,142,0,0
46970,2021-09-03,23499,7313,0.31120473211626
46974,2021-09-03,2079,472,0.227032227032227
46975,2021-09-03,14325,4855,0.33891797556719
46978,2021-09-03,2135,686,0.321311475409836
46979,2021-09-03,4940,2009,0.40668016194332
46982,2021-09-03,2660,725,0.272556390977444
46984,2021-09-03,188,108,0.574468085106383
46985,2021-09-03,1438,461,0.320584144645341
46986,2021-09-03,1683,666,0.39572192513369
46987,2021-09-03,884,380,0.429864253393665
46988,2021-09-03,967,199,0.205791106514995
46989,2021-09-03,4947,1604,0.324236911259349
46990,2021-09-03,741,234,0.315789473684211
46991,2021-09-03,1614,522,0.323420074349442
46992,2021-09-03,16260,5659,0.348031980319803
46994,2021-09-03,2815,846,0.300532859680284
46996,2021-09-03,6159,2792,0.453320344211723
46998,2021-09-03,226,27,0.119469026548673
47001,2021-09-03,10009,3992,0.398841043061245
47003,2021-09-03,890,341,0.38314606741573
47006,2021-09-03,11880,5633,0.474158249158249
47010,2021-09-03,220,104,0.472727272727273
47011,2021-09-03,788,275,0.348984771573604
47012,2021-09-03,9396,3618,0.385057471264368
47016,2021-09-03,796,328,0.412060301507538
47017,2021-09-03,481,200,0.415800415800416
47018,2021-09-03,4477,1526,0.340853249944159
47020,2021-09-03,1432,306,0.213687150837989
47022,2021-09-03,2980,1267,0.425167785234899
47023,2021-09-03,1665,484,0.290690690690691
47024,2021-09-03,3708,653,0.176105717367853
47025,2021-09-03,22794,9641,0.422962183030622
47030,2021-09-03,2038,427,0.209519136408243
47031,2021-09-03,5477,1798,0.328281906153003
47032,2021-09-03,3116,1194,0.383183568677792
47034,2021-09-03,135,62,0.459259259259259
47035,2021-09-03,246,75,0.304878048780488
47036,2021-09-03,882,570,0.646258503401361
47037,2021-09-03,4553,1338,0.293872172194158
47038,2021-09-03,1716,335,0.195221445221445
47040,2021-09-03,5103,2155,0.422300607485793
47041,2021-09-03,6626,2064,0.311500150920616
47042,2021-09-03,4089,1475,0.360723893372463
47043,2021-09-03,5212,1800,0.34535686876439
47060,2021-09-03,5942,2644,0.444968024234265
47102,2021-09-03,6953,2317,0.333237451459802
47104,2021-09-03,0,0,
47106,2021-09-03,5005,2150,0.42957042957043
47108,2021-09-03,2352,785,0.333758503401361
47110,2021-09-03,417,135,0.323741007194245
47111,2021-09-03,16971,7637,0.450002946202345
47112,2021-09-03,16593,7426,0.447538118483698
47114,2021-09-03,328,179,0.545731707317073
47115,2021-09-03,3025,1012,0.334545454545455
47116,2021-09-03,681,244,0.358296622613803
47117,2021-09-03,4531,1786,0.394173471639815
47118,2021-09-03,3474,1202,0.345998848589522
47119,2021-09-03,11700,6809,0.581965811965812
47120,2021-09-03,741,353,0.47638326585695
47122,2021-09-03,10943,5670,0.518139449876634
47123,2021-09-03,122,0,0
47124,2021-09-03,5146,2404,0.467158958414302
47125,2021-09-03,1554,621,0.3996138996139
47126,2021-09-03,4698,1996,0.424861643252448
47129,2021-09-03,19684,8769,0.445488721804511
47130,2021-09-03,46645,23054,0.494243756029585
47135,2021-09-03,938,448,0.477611940298507
47136,2021-09-03,4482,2220,0.495314591700134
47137,2021-09-03,1499,611,0.407605070046698
47138,2021-09-03,4378,1686,0.385107354956601
47140,2021-09-03,2559,972,0.379835873388042
47141,2021-09-03,1542,597,0.38715953307393
47142,2021-09-03,1049,289,0.275500476644423
47143,2021-09-03,3063,1575,0.514201762977473
47145,2021-09-03,1913,776,0.405645582854156
47147,2021-09-03,1273,435,0.341712490180676
47150,2021-09-03,47912,23536,0.491233928869594
47160,2021-09-03,113,0,0
47161,2021-09-03,3305,1490,0.450832072617247
47162,2021-09-03,801,336,0.419475655430712
47163,2021-09-03,1210,655,0.541322314049587
47164,2021-09-03,4115,1424,0.346051032806804
47165,2021-09-03,6034,2218,0.367583692409679
47166,2021-09-03,1515,620,0.409240924092409
47167,2021-09-03,14879,6044,0.406210094764433
47170,2021-09-03,14919,6113,0.409745961525571
47172,2021-09-03,17813,9751,0.547409195531354
47175,2021-09-03,1033,339,0.328170377541142
47177,2021-09-03,1241,536,0.431909750201451
47201,2021-09-03,44831,23431,0.522651736521603
47203,2021-09-03,26807,14777,0.551236617301451
47220,2021-09-03,5671,2395,0.422324105096103
47223,2021-09-03,1024,454,0.443359375
47224,2021-09-03,520,143,0.275
47226,2021-09-03,260,77,0.296153846153846
47227,2021-09-03,2299,502,0.218355806872553
47229,2021-09-03,3261,1198,0.367371971787795
47230,2021-09-03,1439,726,0.5045170257123
47231,2021-09-03,858,373,0.434731934731935
47232,2021-09-03,3327,1062,0.319206492335437
47234,2021-09-03,1457,562,0.385724090597117
47235,2021-09-03,1488,716,0.481182795698925
47240,2021-09-03,21836,8800,0.403004213225866
47243,2021-09-03,5907,2139,0.362112747587608
47244,2021-09-03,734,286,0.389645776566757
47246,2021-09-03,4600,1792,0.389565217391304
47247,2021-09-03,194,68,0.350515463917526
47250,2021-09-03,22202,10310,0.464372579046933
47260,2021-09-03,1705,611,0.358357771260997
47263,2021-09-03,255,61,0.23921568627451
47264,2021-09-03,1197,458,0.382623224728488
47265,2021-09-03,20344,7191,0.353470310656705
47270,2021-09-03,530,254,0.479245283018868
47272,2021-09-03,2185,715,0.327231121281465
47273,2021-09-03,2210,720,0.32579185520362
47274,2021-09-03,31352,13601,0.433816024496045
47280,2021-09-03,979,349,0.356486210418795
47281,2021-09-03,1237,627,0.506871463217462
47282,2021-09-03,293,148,0.505119453924915
47283,2021-09-03,3193,1242,0.388975884747886
47302,2021-09-03,26018,9453,0.363325390114536
47303,2021-09-03,25124,9245,0.367974844769941
47304,2021-09-03,32105,16484,0.513440274100607
47305,2021-09-03,3504,1296,0.36986301369863
47306,2021-09-03,5096,249,0.048861852433281
47320,2021-09-03,3648,1740,0.476973684210526
47324,2021-09-03,149,32,0.214765100671141
47325,2021-09-03,663,227,0.342383107088989
47326,2021-09-03,2195,371,0.169020501138952
47327,2021-09-03,4512,1504,0.333333333333333
47330,2021-09-03,5196,2191,0.42167051578137
47331,2021-09-03,22391,7365,0.328926800946809
47334,2021-09-03,3189,1350,0.423330197554092
47335,2021-09-03,753,233,0.309428950863214
47336,2021-09-03,3243,1219,0.375886524822695
47337,2021-09-03,138,65,0.471014492753623
47338,2021-09-03,2789,952,0.341340982430979
47339,2021-09-03,497,214,0.430583501006036
47340,2021-09-03,2998,1065,0.3552368245497
47341,2021-09-03,2382,721,0.302686817800168
47342,2021-09-03,2558,1073,0.419468334636435
47344,2021-09-03,124,0,0
47345,2021-09-03,1406,422,0.300142247510669
47346,2021-09-03,3911,1448,0.370237790846331
47348,2021-09-03,9159,3600,0.393056010481494
47351,2021-09-03,540,159,0.294444444444444
47352,2021-09-03,860,351,0.408139534883721
47353,2021-09-03,5508,2108,0.382716049382716
47354,2021-09-03,1075,404,0.375813953488372
47355,2021-09-03,2752,803,0.291787790697674
47356,2021-09-03,5286,2290,0.433219825955354
47357,2021-09-03,822,397,0.482968369829684
47358,2021-09-03,1060,320,0.30188679245283
47359,2021-09-03,3013,896,0.29737802854298
47360,2021-09-03,1259,594,0.471803018268467
47361,2021-09-03,215,110,0.511627906976744
47362,2021-09-03,29873,13223,0.442640511498678
47367,2021-09-03,57,0,0
47368,2021-09-03,2831,1114,0.39350052984811
47369,2021-09-03,1320,319,0.241666666666667
47371,2021-09-03,12200,3862,0.31655737704918
47373,2021-09-03,2404,693,0.288269550748752
47374,2021-09-03,45571,18095,0.397072699743258
47380,2021-09-03,1476,584,0.395663956639566
47381,2021-09-03,122,30,0.245901639344262
47382,2021-09-03,255,53,0.207843137254902
47383,2021-09-03,3133,1230,0.39259495691031
47384,2021-09-03,2044,760,0.371819960861057
47385,2021-09-03,1277,638,0.499608457321848
47386,2021-09-03,1206,495,0.41044776119403
47387,2021-09-03,730,241,0.33013698630137
47388,2021-09-03,335,144,0.429850746268657
47390,2021-09-03,4960,1515,0.305443548387097
47393,2021-09-03,1825,456,0.24986301369863
47394,2021-09-03,8334,3117,0.374010079193665
47396,2021-09-03,6903,3833,0.555265826452267
47401,2021-09-03,43279,27682,0.639617366390166
47403,2021-09-03,33505,17774,0.530487986867632
47404,2021-09-03,23832,12345,0.518001007049345
47405,2021-09-03,3697,109,0.0294833648904517
47406,2021-09-03,3945,1345,0.340937896070976
47408,2021-09-03,25804,12814,0.496589676019222
47420,2021-09-03,439,79,0.17995444191344
47421,2021-09-03,27417,11717,0.427362585257322
47424,2021-09-03,8965,3752,0.418516452872281
47427,2021-09-03,662,313,0.472809667673716
47429,2021-09-03,9269,4068,0.438882295824792
47431,2021-09-03,1584,501,0.316287878787879
47432,2021-09-03,4386,1987,0.453032375740994
47433,2021-09-03,4039,1437,0.355781133944046
47434,2021-09-03,0,0,
47436,2021-09-03,1379,604,0.437998549673677
47437,2021-09-03,155,21,0.135483870967742
47438,2021-09-03,4475,1449,0.323798882681564
47441,2021-09-03,9153,3717,0.406096361848574
47443,2021-09-03,1275,418,0.327843137254902
47446,2021-09-03,10393,3585,0.344943712113923
47448,2021-09-03,7261,4128,0.568516733232337
47449,2021-09-03,400,209,0.5225
47451,2021-09-03,1111,483,0.434743474347435
47452,2021-09-03,5360,1820,0.33955223880597
47453,2021-09-03,683,167,0.244509516837482
47454,2021-09-03,7046,3199,0.454016463241555
47455,2021-09-03,76,0,0
47456,2021-09-03,1352,430,0.318047337278107
47457,2021-09-03,192,11,0.0572916666666667
47458,2021-09-03,58,0,0
47459,2021-09-03,3597,1436,0.3992215735335
47460,2021-09-03,10917,4737,0.433910414949162
47462,2021-09-03,4812,1929,0.400872817955112
47464,2021-09-03,212,77,0.363207547169811
47465,2021-09-03,520,259,0.498076923076923
47467,2021-09-03,167,0,0
47468,2021-09-03,1510,765,0.506622516556291
47469,2021-09-03,1828,677,0.37035010940919
47470,2021-09-03,1580,488,0.308860759493671
47471,2021-09-03,2746,872,0.31755280407866
47501,2021-09-03,17882,6597,0.36891846549603
47512,2021-09-03,4095,1183,0.288888888888889
47513,2021-09-03,2222,789,0.355085508550855
47514,2021-09-03,1556,945,0.6073264781491
47515,2021-09-03,880,311,0.353409090909091
47516,2021-09-03,1100,516,0.469090909090909
47519,2021-09-03,847,129,0.152302243211334
47520,2021-09-03,2786,1290,0.463029432878679
47521,2021-09-03,692,387,0.559248554913295
47522,2021-09-03,437,70,0.160183066361556
47523,2021-09-03,3346,1384,0.413628212791393
47524,2021-09-03,612,188,0.30718954248366
47525,2021-09-03,281,201,0.715302491103203
47527,2021-09-03,1935,717,0.370542635658915
47528,2021-09-03,504,233,0.462301587301587
47529,2021-09-03,1173,295,0.251491901108269
47531,2021-09-03,945,415,0.439153439153439
47532,2021-09-03,4358,2216,0.508490133088573
47535,2021-09-03,758,191,0.251978891820581
47536,2021-09-03,0,0,
47537,2021-09-03,896,324,0.361607142857143
47541,2021-09-03,1196,507,0.423913043478261
47542,2021-09-03,10061,4163,0.413775966603717
47546,2021-09-03,21538,11002,0.510818088959049
47550,2021-09-03,561,320,0.570409982174688
47551,2021-09-03,914,282,0.308533916849015
47552,2021-09-03,270,70,0.259259259259259
47553,2021-09-03,8614,2482,0.288135593220339
47557,2021-09-03,1586,441,0.278058007566204
47558,2021-09-03,4632,614,0.132556131260794
47561,2021-09-03,1650,562,0.340606060606061
47562,2021-09-03,4755,1162,0.244374342797056
47564,2021-09-03,1224,517,0.422385620915033
47567,2021-09-03,6116,2256,0.368868541530412
47568,2021-09-03,829,264,0.318455971049457
47574,2021-09-03,213,89,0.417840375586854
47575,2021-09-03,955,453,0.47434554973822
47576,2021-09-03,341,169,0.495601173020528
47577,2021-09-03,1211,548,0.45251857968621
47578,2021-09-03,710,279,0.392957746478873
47579,2021-09-03,2636,1398,0.530349013657056
47580,2021-09-03,406,122,0.300492610837438
47581,2021-09-03,3721,1161,0.31201289975813
47584,2021-09-03,139,34,0.244604316546763
47585,2021-09-03,800,161,0.20125
47586,2021-09-03,11022,5496,0.498639085465433
47588,2021-09-03,615,267,0.434146341463415
47590,2021-09-03,413,240,0.581113801452784
47591,2021-09-03,25370,11090,0.437130469057942
47596,2021-09-03,71,0,0
47597,2021-09-03,904,336,0.371681415929204
47598,2021-09-03,3058,1016,0.332243296272073
47601,2021-09-03,13854,6385,0.46087772484481
47610,2021-09-03,5444,2322,0.426524614254225
47611,2021-09-03,1489,503,0.337810611148422
47612,2021-09-03,715,370,0.517482517482518
47613,2021-09-03,3224,1227,0.380583126550869
47615,2021-09-03,1832,575,0.313864628820961
47616,2021-09-03,265,127,0.479245283018868
47619,2021-09-03,1753,774,0.441528807758129
47620,2021-09-03,13129,5936,0.452128875009521
47630,2021-09-03,36182,21931,0.606130119949146
47631,2021-09-03,2217,1017,0.45872801082544
47633,2021-09-03,2384,1109,0.465184563758389
47634,2021-09-03,2358,857,0.363443596268024
47635,2021-09-03,5432,2155,0.396723122238586
47637,2021-09-03,1294,568,0.438948995363215
47638,2021-09-03,3514,1633,0.464712578258395
47639,2021-09-03,4243,2300,0.542069290596276
47640,2021-09-03,1099,313,0.284804367606915
47648,2021-09-03,4219,1926,0.456506281109268
47649,2021-09-03,1499,510,0.340226817878586
47654,2021-09-03,92,0,0
47660,2021-09-03,4868,1783,0.366269515201315
47665,2021-09-03,3746,1368,0.365189535504538
47666,2021-09-03,1813,566,0.312189740761169
47670,2021-09-03,12048,4912,0.407702523240372
47683,2021-09-03,235,0,0
47708,2021-09-03,445,374,0.840449438202247
47710,2021-09-03,18869,7871,0.417139223064285
47711,2021-09-03,32612,15021,0.460597326137618
47712,2021-09-03,26764,11461,0.428224480645643
47713,2021-09-03,10108,4114,0.407004352987732
47714,2021-09-03,34447,14054,0.407989084680814
47715,2021-09-03,26196,15225,0.581195602382043
47720,2021-09-03,17763,8904,0.501266677926026
47725,2021-09-03,17326,11030,0.636615491169341
47802,2021-09-03,34894,14676,0.420588066716341
47803,2021-09-03,20939,10780,0.51482878838531
47804,2021-09-03,11781,4018,0.341057635175282
47805,2021-09-03,12624,5708,0.452154626108999
47807,2021-09-03,11886,3605,0.303297997644287
47809,2021-09-03,2516,146,0.0580286168521463
47832,2021-09-03,1059,314,0.296506137865911
47833,2021-09-03,761,364,0.478318002628121
47834,2021-09-03,19263,7071,0.367076779317863
47836,2021-09-03,0,0,
47837,2021-09-03,1008,364,0.361111111111111
47838,2021-09-03,3772,1971,0.52253446447508
47840,2021-09-03,1831,511,0.279082468596395
47841,2021-09-03,2305,749,0.324945770065076
47842,2021-09-03,9597,3931,0.40960716890695
47846,2021-09-03,532,240,0.451127819548872
47847,2021-09-03,1187,339,0.285593934288121
47848,2021-09-03,1616,605,0.374381188118812
47849,2021-09-03,502,157,0.312749003984064
47850,2021-09-03,2239,920,0.41089772219741
47853,2021-09-03,121,104,0.859504132231405
47854,2021-09-03,612,302,0.493464052287582
47855,2021-09-03,526,204,0.387832699619772
47857,2021-09-03,420,188,0.447619047619048
47858,2021-09-03,724,181,0.25
47859,2021-09-03,1027,255,0.248296007789679
47860,2021-09-03,425,66,0.155294117647059
47861,2021-09-03,663,190,0.28657616892911
47862,2021-09-03,1390,470,0.338129496402878
47863,2021-09-03,294,66,0.224489795918367
47865,2021-09-03,55,0,0
47866,2021-09-03,613,191,0.311582381729201
47868,2021-09-03,3072,838,0.272786458333333
47869,2021-09-03,124,53,0.42741935483871
47871,2021-09-03,321,73,0.227414330218069
47872,2021-09-03,8747,3367,0.384931976677718
47874,2021-09-03,3207,1200,0.374181478016838
47876,2021-09-03,348,174,0.5
47879,2021-09-03,3592,1015,0.282572383073497
47880,2021-09-03,78,0,0
47881,2021-09-03,329,118,0.358662613981763
47882,2021-09-03,7731,3279,0.424136592937524
47884,2021-09-03,185,91,0.491891891891892
47885,2021-09-03,8920,3592,0.402690582959641
47901,2021-09-03,3715,1791,0.482099596231494
47904,2021-09-03,17285,6565,0.37980908301996
47905,2021-09-03,41631,20824,0.500204174773606
47906,2021-09-03,77702,44359,0.570886206275257
47907,2021-09-03,0,0,
47909,2021-09-03,43291,19625,0.45332748146266
47916,2021-09-03,43,0,0
47917,2021-09-03,492,146,0.296747967479675
47918,2021-09-03,5679,2215,0.390033456594471
47920,2021-09-03,2260,1358,0.600884955752212
47921,2021-09-03,1140,468,0.410526315789474
47922,2021-09-03,1570,520,0.331210191082803
47923,2021-09-03,3220,1678,0.52111801242236
47924,2021-09-03,162,53,0.327160493827161
47925,2021-09-03,133,74,0.556390977443609
47926,2021-09-03,1480,310,0.209459459459459
47928,2021-09-03,2036,525,0.257858546168959
47929,2021-09-03,673,314,0.466567607726597
47930,2021-09-03,1294,446,0.344667697063369
47932,2021-09-03,5317,1682,0.31634380289637
47933,2021-09-03,27521,11363,0.412884706224338
47940,2021-09-03,1739,488,0.280621046578493
47941,2021-09-03,1405,570,0.405693950177936
47942,2021-09-03,728,239,0.328296703296703
47943,2021-09-03,1096,306,0.279197080291971
47944,2021-09-03,3402,1538,0.452087007642563
47946,2021-09-03,2170,631,0.290783410138249
47948,2021-09-03,1485,407,0.274074074074074
47949,2021-09-03,1209,408,0.337468982630273
47950,2021-09-03,921,246,0.267100977198697
47951,2021-09-03,2168,795,0.36669741697417
47952,2021-09-03,2941,730,0.248214892893574
47954,2021-09-03,2433,756,0.310727496917386
47955,2021-09-03,1016,395,0.388779527559055
47957,2021-09-03,1908,478,0.250524109014675
47958,2021-09-03,140,49,0.35
47959,2021-09-03,2906,874,0.300757054370268
47960,2021-09-03,14721,6828,0.463827185653149
47963,2021-09-03,2057,682,0.331550802139037
47964,2021-09-03,110,0,0
47965,2021-09-03,599,201,0.335559265442404
47966,2021-09-03,359,152,0.423398328690808
47967,2021-09-03,680,262,0.385294117647059
47968,2021-09-03,1030,340,0.330097087378641
47969,2021-09-03,109,0,0
47970,2021-09-03,1779,790,0.44406970207982
47971,2021-09-03,1957,789,0.40316811446091
47974,2021-09-03,1176,309,0.262755102040816
47975,2021-09-03,664,317,0.477409638554217
47977,2021-09-03,2322,842,0.362618432385874
47978,2021-09-03,11515,3873,0.336343899261832
47980,2021-09-03,1005,410,0.407960199004975
47981,2021-09-03,1130,336,0.297345132743363
47982,2021-09-03,173,30,0.173410404624277
47983,2021-09-03,303,123,0.405940594059406
47987,2021-09-03,4074,1090,0.267550319096711
47989,2021-09-03,1430,360,0.251748251748252
47990,2021-09-03,1964,581,0.295824847250509
47991,2021-09-03,975,351,0.36
47992,2021-09-03,1357,667,0.491525423728814
47993,2021-09-03,3661,1400,0.382409177820268
47994,2021-09-03,309,179,0.579288025889968
47995,2021-09-03,1670,585,0.350299401197605
47997,2021-09-03,134,29,0.216417910447761
